,Timestamps,Content
0,00:00:00.000 --> 00:00:08.540,"[zh] 天的观众朋友,这里是我们光从东方的平台,那么光从东方来呢,是以学术讲座来推广东方教会的传统。"
1,00:00:09.040 --> 00:00:16.480,"[zh] 那么我们在近两年主要推广的一个传统呢,是东方教会占了半壁江山的一个传统,是东正教。"
2,00:00:16.480 --> 00:00:24.100,"[zh] 那么今天有幸邀请到Dr. Pino Take Home,来到我们中间讲关于拜占庭的传统。"
3,00:00:24.100 --> 00:00:34.900,"[zh] Dr. Pino是研究圣帕达玛斯的博士,他现在是你们在海报上看到了教父学研究的指导员。"
4,00:00:35.400 --> 00:00:48.520,"[zh] 那么他是邀请一些研究教父的学者在他们平台去开讲座,当然也欢迎关注他们在,如果你们能上油管的话,他们在油管的公开的频道。"
5,00:00:48.520 --> 00:00:57.640,"[zh] 那么他现在是指导员。那么我们今天有幸邀请到他来讲关于一个主题,就是关于教父与圣经之间的关系。"
6,00:00:58.400 --> 00:01:08.600,"[zh] 那么希望大家在讲的时候,大家可以把关麦或者有什么问题,你们可以在聊天栏里面问。"
7,00:01:08.600 --> 00:01:20.260,"[zh] 然后呢,如果你们能用英文直接问也可以,但是我们由于会照顾到一些说中文的听众,所以我们会把英文都翻译成中文过去。"
8,00:01:20.500 --> 00:01:30.400,"[zh] 之后呢,我们会提供这个讲座的讲稿,主要是中英文的讲稿,因为我们可以用一些软件把它,把英文录制出来。"
9,00:01:30.400 --> 00:01:33.020,"[zh] 好,接下来我们交给 Dr. Pino。"
10,00:01:33.020 --> 00:01:39.020,"[zh] Okay, Dr. Pino,你可以开始现在。"
11,00:01:39.020 --> 00:01:43.640,"[zh] 然后,所以,你可以开始现在。"
12,00:01:43.640 --> 00:01:48.440,"[zh] 然后,它是我们的 honor来说,您来这里,为了中国观众。"
13,00:01:48.440 --> 00:01:56.860,"[zh] 然后,让您知道,您的计划会在 YouTube,尤其是中国观众。"
14,00:01:56.860 --> 00:02:05.860,"[zh] 然后,您的计划会在我们的网站上。"
15,00:02:05.860 --> 00:02:07.860,"[zh] 对,是可以吗?"
16,00:02:07.860 --> 00:02:15.860,"[zh] 好的,他说很高兴,我来这次讲座,这是我在这个平台第三次讲座。"
17,00:02:15.860 --> 00:02:22.860,"[zh] 他说很可惜,上次没有说他来到北京跟我一起见面面对面的开这样一个讲座。"
18,00:02:22.860 --> 00:02:25.860,"[zh] 那么,希望下次有这样的机会。"
19,00:02:25.860 --> 00:02:29.860,[zh] 今天我们的讲座是关于圣经与教父的。
20,00:02:29.860 --> 00:02:35.860,"[zh] 那么,还有一个可能更合适的说法是符合圣经的。"
21,00:02:35.860 --> 00:02:38.860,"[zh] 那么,这个词汇在《尼西亚信经》也出现过。"
22,00:02:38.860 --> 00:02:41.860,"[zh] 它说,根据圣经的教导。"
23,00:02:41.860 --> 00:02:48.860,"[zh] 怎么样,这是我们每周日,东众教会每周日和每次教导的时候都会阅读的《尼西亚信经》的内容。"
24,00:02:48.860 --> 00:02:56.860,"[zh] 那么,关于这个《信经》呢,它是特别强调,这是一个使徒的,使徒留下来的教导。"
25,00:02:56.860 --> 00:02:58.860,"[zh] 那么,在《尼西亚信经》当中得到流传。"
26,00:02:58.860 --> 00:03:06.860,"[zh] 并且,在这个《信经》当中,我们也可以看到在《圣经》中的一个非常重要的地位和教导。"
27,00:03:06.860 --> 00:03:10.860,"[zh] 就是说,它传递使徒教导的。"
28,00:03:10.860 --> 00:03:17.860,"[zh] 那么,在《尼西亚信经》当中,我们开始的是,我信这个圣父,"
29,00:03:17.860 --> 00:03:21.860,"[zh] 然后是谈到关于圣子的教导,然后是圣灵的教导。"
30,00:03:21.860 --> 00:03:25.860,"[zh] 那么,在这个《尼西亚信经》当中,有一段关于圣经的教导,"
31,00:03:25.860 --> 00:03:29.860,"[zh] 就是According to the Scripture,就是根据圣经的教导。"
32,00:03:29.860 --> 00:03:32.860,"[zh] 就是基于圣经,或者根据圣经的意思。"
33,00:03:32.860 --> 00:03:35.860,"[zh] 那么,在《尼西亚信经》当中,主题内容是这样的。"
34,00:03:35.860 --> 00:03:38.860,"[zh] 就是,我们的主耶稣是通过圣灵感用,"
35,00:03:38.860 --> 00:03:42.860,"[zh] 然后在本都比拉多的手下受难,"
36,00:03:42.860 --> 00:03:47.860,"[zh] 然后第三天被埋葬,然后第三天复活升天,"
37,00:03:47.860 --> 00:03:50.860,"[zh] 然后最后加一句,就是根据圣经的教导。"
38,00:03:50.860 --> 00:03:54.860,"[zh] 那么,关于这个《尼西亚信经》的教导,"
39,00:03:54.860 --> 00:04:02.860,[zh] 我们就会联系到这个《尼西亚信经》和圣经之间的关系。
40,00:04:02.860 --> 00:04:06.860,"[zh] 那么,他们之间的关系到底是怎么样子的呢?"
41,00:04:06.860 --> 00:04:10.860,"[zh] 当我们谈到圣经的时候,在现代的社会,"
42,00:04:10.860 --> 00:04:13.860,"[zh] 我们可能由于受到这个新教的影响,"
43,00:04:13.860 --> 00:04:19.860,"[zh] 他们新教徒把很多的这个,就是圣经呢,"
44,00:04:19.860 --> 00:04:20.860,[zh] 翻译成很多的语言。
45,00:04:20.860 --> 00:04:24.860,"[zh] 然后呢,圣经对于这个现代社会的人来说,"
46,00:04:24.860 --> 00:04:27.860,[zh] 是一个可见的一本书。
47,00:04:27.860 --> 00:04:32.860,"[zh] 那么,我相信在中国也是,当我们提到圣经的时候,"
48,00:04:32.860 --> 00:04:34.860,"[zh] 我们会看到这是一本书,"
49,00:04:34.860 --> 00:04:39.860,"[zh] 一本物理上可见的一本,就是一本书,"
50,00:04:39.860 --> 00:04:41.860,[zh] 一本圣经的著作。
51,00:04:41.860 --> 00:04:44.860,"[zh] 那么,圣经在美国是很重要的,"
52,00:04:44.860 --> 00:04:47.860,"[zh] 就是他们基本上呢,在传统上,"
53,00:04:47.860 --> 00:04:49.860,"[zh] 每一个美国的这个旅馆,"
54,00:04:49.860 --> 00:04:53.860,"[zh] 他们都会在他们这个客房里面,"
55,00:04:53.860 --> 00:04:55.860,[zh] 在抽屉里面放一本圣经。
56,00:04:55.860 --> 00:05:00.860,"[zh] 那么,他说他经常会带着家人出去旅行的时候,"
57,00:05:00.860 --> 00:05:04.860,[zh] 孩子们就会去这个抽屉里面找圣经。
58,00:05:04.860 --> 00:05:06.860,"[zh] 如果他们在抽屉里面找到圣经的话,"
59,00:05:06.860 --> 00:05:09.860,[zh] 他们认为这个是一个好的旅馆。
60,00:05:09.860 --> 00:05:12.860,"[zh] 如果没找到,那么这个旅馆不找地。"
61,00:05:12.860 --> 00:05:15.860,"[zh] 刚才我们谈到的就是关于这个圣经,"
62,00:05:15.860 --> 00:05:17.860,"[zh] 它作为一本物理上,"
63,00:05:17.860 --> 00:05:19.860,[zh] 你可见的书籍给我们的形态。
64,00:05:19.860 --> 00:05:21.860,"[zh] 但是当我们谈到另外一个概念,"
65,00:05:21.860 --> 00:05:24.860,"[zh] 就是scripture,就是在拉丁文本里面,"
66,00:05:24.860 --> 00:05:26.860,"[zh] 就是写下来的意思,"
67,00:05:26.860 --> 00:05:27.860,[zh] 它是源自于希腊文。
68,00:05:27.860 --> 00:05:30.860,"[zh] 那么,这个script的意思,"
69,00:05:30.860 --> 00:05:31.860,"[zh] 更多的意思是,"
70,00:05:31.860 --> 00:05:35.860,"[zh] 他们是传递这个信息的,"
71,00:05:35.860 --> 00:05:37.860,"[zh] 就是在一个传统当中,"
72,00:05:37.860 --> 00:05:38.860,"[zh] 在传递一个信息,"
73,00:05:38.860 --> 00:05:40.860,[zh] 这个信息被传递下来了。
74,00:05:40.860 --> 00:05:43.860,"[zh] 我们可以用一个比喻来说明,"
75,00:05:43.860 --> 00:05:46.860,"[zh] 这个圣经和这个Holy Scripture,"
76,00:05:46.860 --> 00:05:49.860,[zh] 就是这个圣经所传递信息的对比。
77,00:05:49.860 --> 00:05:56.860,[zh] 就好像一个人给他所爱的人写一份爱情的情书。
78,00:05:56.860 --> 00:05:59.860,"[zh] 我们说,就比如说像一个战士,"
79,00:05:59.860 --> 00:06:01.860,"[zh] 处在一个阶段,"
80,00:06:01.860 --> 00:06:03.860,[zh] 当中他给他的爱人去写一份这样的情书的时候。
81,00:06:03.860 --> 00:06:05.860,"[zh] 那么,我们就会区分,"
82,00:06:05.860 --> 00:06:10.860,"[zh] 我们就会可以看到这个情书所传递的这个信息,"
83,00:06:10.860 --> 00:06:13.860,"[zh] 和他用笔墨写下的这个书信,"
84,00:06:13.860 --> 00:06:17.860,[zh] 可见的这个书信之间的这样的一个区别。
85,00:06:17.860 --> 00:06:21.860,"[zh] 由于他所传递的信息是珍贵的,"
86,00:06:21.860 --> 00:06:23.860,"[zh] 所以在传统的教会里面,"
87,00:06:23.860 --> 00:06:29.860,"[zh] 当他们把这个信息通过书面的形式展现出来的时候,"
88,00:06:29.860 --> 00:06:31.860,"[zh] 经常在东正教的教会里面,"
89,00:06:31.860 --> 00:06:35.860,"[zh] 你经常会看到他们的圣经是像着金边,"
90,00:06:35.860 --> 00:06:37.860,"[zh] 然后上面有各种各样的装饰,"
91,00:06:37.860 --> 00:06:39.860,"[zh] 有的甚至有珠宝在上面,"
92,00:06:39.860 --> 00:06:43.860,"[zh] 来凸显出这个圣经所传递的信息,"
93,00:06:43.860 --> 00:06:46.860,[zh] 它的这个宝贵性就像一个珍宝一样。
94,00:06:46.860 --> 00:06:49.860,"[zh] 那么在东正教里面,"
95,00:06:49.860 --> 00:06:52.860,"[zh] 他们圣经之所以有这种宝贵的装饰,"
96,00:06:52.860 --> 00:06:55.860,"[zh] 他们放在教堂的一个地方,"
97,00:06:55.860 --> 00:06:58.860,"[zh] 然后有这么多的贵重的装饰,"
98,00:06:58.860 --> 00:07:00.860,"[zh] 他们是想告诉大家,"
99,00:07:00.860 --> 00:07:03.860,"[zh] 这个圣经所传递的信息是非常宝贵的,"
100,00:07:03.860 --> 00:07:05.860,[zh] 就像一个宝藏一样。
101,00:07:05.860 --> 00:07:09.860,"[zh] 那么它不是普通的一本书,"
102,00:07:09.860 --> 00:07:11.860,[zh] 就像我们现在看到的这样子。
103,00:07:11.860 --> 00:07:15.860,[zh] 所以他们是想强调这个圣经所传递的信息的重要性。
104,00:07:15.860 --> 00:07:24.860,[zh] 那么这种外在的这种宝贵性也凸显出它内在信息的贵重性。
105,00:07:24.860 --> 00:07:30.860,"[zh] 那么我们可以从这个外在的这种装饰上面看到它所传递的信息,"
106,00:07:30.860 --> 00:07:33.860,[zh] 是很珍贵的。
107,00:07:33.860 --> 00:07:36.860,[zh] 这样我就大概总结一下。
108,00:07:36.860 --> 00:07:39.860,"[zh] 那么由于它所传递的信息的这种宝贵性,"
109,00:07:39.860 --> 00:07:42.860,"[zh] 当它写下来的时候,"
110,00:07:42.860 --> 00:07:48.860,[zh] 它要把这个就是以笔墨的方式传递给它的受众的时候。
111,00:07:48.860 --> 00:07:53.860,"[zh] 那么即使它强调的是它所传递的这个信息,"
112,00:07:53.860 --> 00:07:56.860,"[zh] 即使是你没有看那本书,"
113,00:07:56.860 --> 00:08:00.860,"[zh] 那么当你听到这个圣经上的话语的时候,"
114,00:08:00.860 --> 00:08:03.860,"[zh] 我们说这个也就是神的话的时候呢,"
115,00:08:03.860 --> 00:08:06.860,"[zh] 那么我们也知道即使你没有看见,"
116,00:08:06.860 --> 00:08:09.860,"[zh] 它也在传递着上帝的话语的信息,"
117,00:08:09.860 --> 00:08:12.860,[zh] 把这个信息通过听觉的方式就传递给你。
118,00:08:12.860 --> 00:08:16.860,[zh] 那么我不知道在中国有没有这样的方式。
119,00:08:16.860 --> 00:08:22.860,[zh] 这个因为我不太了解。
120,00:08:22.860 --> 00:08:27.860,"[zh] 哦,对,我需要一个反应给中国观众。"
121,00:08:27.860 --> 00:08:30.860,[zh] 中国人也有一个想法
122,00:08:30.860 --> 00:08:33.860,"[zh] 有什么的不见的,"
123,00:08:33.860 --> 00:08:38.860,"[zh] 所以他们有这个想法,"
124,00:08:38.860 --> 00:08:43.860,[zh] 你拿着一些真正的道理的意义
125,00:08:43.860 --> 00:08:46.860,[zh] 通过一些自然的电话机器。
126,00:08:46.860 --> 00:08:48.860,"[zh] 我说,我们有些相似的想法,"
127,00:08:48.860 --> 00:08:52.860,"[zh] 但是在不同的情况下,"
128,00:08:52.860 --> 00:08:53.860,"[zh] 我觉得,是的。"
129,00:08:53.860 --> 00:08:57.860,"[zh] 他说这个是智能,"
130,00:08:57.860 --> 00:08:59.860,"[zh] 或者我们叫做拟智,"
131,00:08:59.860 --> 00:09:02.860,[zh] 或者叫智性的含义所在。
132,00:09:02.860 --> 00:09:07.860,"[zh] 智性的含义,当我们谈到它要传递这个信息是不可见的。"
133,00:09:07.860 --> 00:09:11.860,"[zh] 但是当我们要把这个信息传递出去的时候,"
134,00:09:11.860 --> 00:09:14.860,"[zh] 不论是用什么语言,"
135,00:09:14.860 --> 00:09:16.860,[zh] 或者用什么可见的方式。
136,00:09:16.860 --> 00:09:21.860,"[zh] 它重要的不在于这个语言或者表达方式本身,"
137,00:09:21.860 --> 00:09:22.860,"[zh] 而是它这个信息呢,"
138,00:09:22.860 --> 00:09:23.860,[zh] 传递出去。
139,00:09:23.860 --> 00:09:25.860,"[zh] 而这个传递出去的信息,"
140,00:09:25.860 --> 00:09:27.860,"[zh] 不是现在的这些,"
141,00:09:27.860 --> 00:09:30.860,[zh] 或者说被造的动物可以领会的。
142,00:09:30.860 --> 00:09:34.860,"[zh] 也不是说这些现在人造的所谓的AI,"
143,00:09:34.860 --> 00:09:37.860,[zh] 可以去领会这个不可见的信息的。
144,00:09:37.860 --> 00:09:41.860,[zh] 所以这个就是我们探讨的鼠林的世界。
145,00:09:41.860 --> 00:09:43.860,"[zh] 这个鼠林的世界是不可见的,"
146,00:09:43.860 --> 00:09:46.860,"[zh] 那么它需要一种表达的方式,"
147,00:09:46.860 --> 00:09:48.860,"[zh] 那么这种表达的方式呢,"
148,00:09:48.860 --> 00:09:50.860,[zh] 就是通过语言表达出来。
149,00:09:50.860 --> 00:09:51.860,"[zh] 当我们说这个Logos,"
150,00:09:51.860 --> 00:09:52.860,"[zh] 也就是道的时候,"
151,00:09:52.860 --> 00:09:54.860,"[zh] 它在文字上表现是这个,"
152,00:09:54.860 --> 00:09:57.860,[zh] 但是它本身不停留在这个文字。
153,00:09:57.860 --> 00:10:02.860,[zh] 它这个文字本身要传达的是一种鼠林的世界。
154,00:10:02.860 --> 00:10:04.860,"[zh] 那么当我们说上帝的时候,"
155,00:10:04.860 --> 00:10:07.860,"[zh] 我们是相信有一位真实的,"
156,00:10:07.860 --> 00:10:10.860,[zh] 是上帝是您的这个上帝。
157,00:10:10.860 --> 00:10:11.860,"[zh] 天使的时候,"
158,00:10:11.860 --> 00:10:12.860,"[zh] 我们相信真的有天使,"
159,00:10:12.860 --> 00:10:14.860,[zh] 有一个属林的不可见的世界。
160,00:10:14.860 --> 00:10:16.860,"[zh] 那么这个语言呢,"
161,00:10:16.860 --> 00:10:20.860,[zh] 就变成了一个属林世界的一种外在表达的方式。
162,00:10:20.860 --> 00:10:23.860,"[zh] 那么这种外在表达的方式,"
163,00:10:23.860 --> 00:10:26.860,"[zh] 不是通过我们的肉体有形的可以去碰触的,"
164,00:10:26.860 --> 00:10:28.860,"[zh] 而是通过我们的心灵,"
165,00:10:28.860 --> 00:10:30.860,"[zh] 或者说我们的自信,"
166,00:10:30.860 --> 00:10:32.860,[zh] 才能去领悟。
167,00:10:32.860 --> 00:10:33.860,"[zh] 对,让我来说。"
168,00:10:33.860 --> 00:10:34.860,"[zh] 对不起,"
169,00:10:34.860 --> 00:10:36.860,[zh] 它是比我更长的。
170,00:10:36.860 --> 00:10:38.860,[zh] 可以说吗?
171,00:10:38.860 --> 00:10:39.860,"[zh] 好的,我来说。"
172,00:10:39.860 --> 00:10:41.860,"[zh] 当我们看这个圣经,"
173,00:10:41.860 --> 00:10:42.860,"[zh] 或者说文字的时候,"
174,00:10:42.860 --> 00:10:45.860,[zh] 它不仅仅是一个信息的传递。
175,00:10:45.860 --> 00:10:46.860,"[zh] 就比如说从信息点A,"
176,00:10:46.860 --> 00:10:48.860,"[zh] 传递到信息点B,"
177,00:10:48.860 --> 00:10:50.860,[zh] 就像这个编程一样。
178,00:10:50.860 --> 00:10:52.860,"[zh] 那么它更多的是一种,"
179,00:10:52.860 --> 00:10:56.860,[zh] 一种属林世界的一种具象化。
180,00:10:56.860 --> 00:11:01.860,[zh] 就是另外一种形式的道成肉身。
181,00:11:01.860 --> 00:11:05.860,"[zh] 当教父们谈到圣经的时候,"
182,00:11:05.860 --> 00:11:09.860,"[zh] 他们也谈到另外一种叫圣书,"
183,00:11:09.860 --> 00:11:12.860,[zh] 我们把它叫做创造之书。
184,00:11:12.860 --> 00:11:14.860,"[zh] 因为圣经上说,"
185,00:11:14.860 --> 00:11:16.860,"[zh] 上帝说什么,"
186,00:11:16.860 --> 00:11:17.860,[zh] 他就创造了什么。
187,00:11:17.860 --> 00:11:22.860,"[zh] 因为这个世界是通过上帝的话语创造出来的,"
188,00:11:22.860 --> 00:11:24.860,[zh] 这也是上帝的一部圣书。
189,00:11:24.860 --> 00:11:27.860,"[zh] 所以当我们看到天空,"
190,00:11:27.860 --> 00:11:28.860,"[zh] 太阳,"
191,00:11:28.860 --> 00:11:29.860,"[zh] 月亮,"
192,00:11:29.860 --> 00:11:30.860,"[zh] 海洋,"
193,00:11:30.860 --> 00:11:33.860,"[zh] 这些创造被造世界的和谐美丽的时候,"
194,00:11:33.860 --> 00:11:37.860,[zh] 那么这也是上帝的一种言说的方式。
195,00:11:37.860 --> 00:11:39.860,"[zh] 因为他用他的创造的大能力,"
196,00:11:39.860 --> 00:11:43.860,[zh] 告诉我们他的言说是怎样的。
197,00:11:43.860 --> 00:11:47.860,"[zh] 那么当我们珍藏一份所爱之人的书信的时候,"
198,00:11:47.860 --> 00:11:50.860,"[zh] 或者说不只是这个书信,"
199,00:11:50.860 --> 00:11:52.860,"[zh] 也包括一些物件,"
200,00:11:52.860 --> 00:11:54.860,"[zh] 就比如说我女儿,"
201,00:11:54.860 --> 00:11:56.860,"[zh] 后面的这个职务,"
202,00:11:56.860 --> 00:11:59.860,"[zh] 那么它不只是这个物件本身,"
203,00:11:59.860 --> 00:12:01.860,"[zh] 或者这个书信本身,"
204,00:12:01.860 --> 00:12:05.860,"[zh] 它表达的是一种我女儿跟我的一种同在的关系,"
205,00:12:05.860 --> 00:12:09.860,[zh] 或者说你所爱之人与你在一起的这种关系。
206,00:12:09.860 --> 00:12:10.860,"[zh] 哦,"
207,00:12:10.860 --> 00:12:11.860,"[zh] yeah,yeah,yeah,"
208,00:12:11.860 --> 00:12:12.860,"[zh] 安心,"
209,00:12:12.860 --> 00:12:16.860,[zh] 所以这个是她女儿弄的这个一个仙人掌的职务。
210,00:12:16.860 --> 00:12:17.860,"[zh] yeah,"
211,00:12:17.860 --> 00:12:19.860,"[zh] 那么这有两部圣书,"
212,00:12:19.860 --> 00:12:22.860,"[zh] 第一部圣书是我们写下来的,"
213,00:12:22.860 --> 00:12:25.860,[zh] 可以用文字写下来的这个圣经。
214,00:12:25.860 --> 00:12:29.860,"[zh] 另外一部圣书是上帝创造的这个世界,"
215,00:12:29.860 --> 00:12:30.860,"[zh] 也是一部圣书,"
216,00:12:30.860 --> 00:12:32.860,"[zh] 因为在他所创造的这个世界里面,"
217,00:12:32.860 --> 00:12:35.860,[zh] 包含着上帝话语的这个大能。
218,00:12:35.860 --> 00:12:40.860,"[zh] 所以这个圣经和这个大自然的圣书呢,"
219,00:12:40.860 --> 00:12:44.860,[zh] 上帝给我们是可以让我们去阅读的。
220,00:12:44.860 --> 00:12:46.860,"[zh] 那么阅读的话,"
221,00:12:46.860 --> 00:12:50.860,"[zh] 是通过这种外在的具现的方式阅读,"
222,00:12:50.860 --> 00:12:55.860,[zh] 但是我们要获取的就是它背后更深层的这个含义。
223,00:12:55.860 --> 00:12:59.860,"[zh] 这个是人能,人的心灵能够去领会的事物。"
224,00:12:59.860 --> 00:13:05.860,"[zh] 那么这个不像是一些现代的科技设备,"
225,00:13:05.860 --> 00:13:07.860,"[zh] 比如说一个摄像头,"
226,00:13:07.860 --> 00:13:09.860,"[zh] 它能捕捉到自然界的一个,"
227,00:13:09.860 --> 00:13:14.860,[zh] 比如说动物植物的一个交互的动作。
228,00:13:14.860 --> 00:13:16.860,"[zh] 但是摄像机它不能理解,"
229,00:13:16.860 --> 00:13:18.860,[zh] 它这个动作后面的意义。
230,00:13:18.860 --> 00:13:20.860,"[zh] 但是人呢通过看这个影像,"
231,00:13:20.860 --> 00:13:26.860,[zh] 它能够去读这个上帝创造的这个创造之书的含义。
232,00:13:26.860 --> 00:13:28.860,"[zh] 所以在教父的文字里面,"
233,00:13:28.860 --> 00:13:30.860,"[zh] 他们用一个词叫theoria,"
234,00:13:30.860 --> 00:13:34.860,"[zh] theoria在我们这边呢通通翻译成末观,"
235,00:13:34.860 --> 00:13:35.860,[zh] 或者叫静观。
236,00:13:35.860 --> 00:13:40.860,"[zh] 那么theoria这个意思就是一个景观的意思,"
237,00:13:40.860 --> 00:13:42.860,[zh] 就是景观的意思。
238,00:13:42.860 --> 00:13:43.860,"[zh] 那么它的意思呢,"
239,00:13:43.860 --> 00:13:46.860,"[zh] 就是说在教父学的话语里面,"
240,00:13:46.860 --> 00:13:50.860,"[zh] 他说它的阅读的意思就是说你通过这些文字,"
241,00:13:50.860 --> 00:13:55.860,[zh] 进入这个文字里面不可见的属灵的实在。
242,00:13:55.860 --> 00:13:59.860,"[zh] 那么它的这个阅读不只是你读圣经是这样,"
243,00:13:59.860 --> 00:14:03.860,"[zh] 上帝所创造的这个大自然也是这样,"
244,00:14:03.860 --> 00:14:05.860,"[zh] 你要读进去,"
245,00:14:05.860 --> 00:14:08.860,[zh] 那么这个读进去的动作呢就叫做末观。
246,00:14:08.860 --> 00:14:15.860,"[zh] OK,所以这个关于这个阅读的含义在教父学里面,"
247,00:14:15.860 --> 00:14:17.860,[zh] 跟我们现代科学是不一样的。
248,00:14:17.860 --> 00:14:19.860,"[zh] 就比如说有两个人,"
249,00:14:19.860 --> 00:14:22.860,"[zh] 他们在了解观看一个事物的时候,"
250,00:14:22.860 --> 00:14:26.860,"[zh] 有一个人他可以了解到这个事物它的目的是怎样的,"
251,00:14:26.860 --> 00:14:29.860,"[zh] 它内在的属灵的这个状态是如何的,"
252,00:14:29.860 --> 00:14:32.860,[zh] 那么它真实状态是怎样子的。
253,00:14:32.860 --> 00:14:35.860,"[zh] 那么另外一个人他可能了解关于这个,"
254,00:14:35.860 --> 00:14:38.860,"[zh] 比如说仙人掌的一切的科学的知识,"
255,00:14:38.860 --> 00:14:42.860,"[zh] 但是关于这个仙人掌它的目的和意义何在,"
256,00:14:42.860 --> 00:14:45.860,"[zh] 它属灵的意义怎样,"
257,00:14:45.860 --> 00:14:47.860,[zh] 他可能完全不知道。
258,00:14:47.860 --> 00:14:50.860,"[zh] 那么我们说这个末观的时候,"
259,00:14:50.860 --> 00:14:54.860,"[zh] 是能够通过这些可见的圣书,"
260,00:14:54.860 --> 00:14:56.860,"[zh] 无论是圣经的话,"
261,00:14:56.860 --> 00:14:59.860,"[zh] 还是上帝的创造的圣书,"
262,00:14:59.860 --> 00:15:04.860,"[zh] 能够从可见的去领会其中不可见的属灵的含义,"
263,00:15:04.860 --> 00:15:07.860,[zh] 那么这个具体的属灵的含义是什么呢?
264,00:15:07.860 --> 00:15:09.860,[zh] 就是上帝的道。
265,00:15:09.860 --> 00:15:12.860,"[zh] 所以当我们谈到这个上帝的道的时候,"
266,00:15:12.860 --> 00:15:14.860,[zh] 我们谈的是上帝的启示。
267,00:15:14.860 --> 00:15:18.860,"[zh] 上帝启示他自己不是把自己写明出来,"
268,00:15:18.860 --> 00:15:26.860,"[zh] 而是容许我们去通过这个外在的圣经和创造之书,"
269,00:15:26.860 --> 00:15:29.860,[zh] 看进去看到属灵的世界。
270,00:15:29.860 --> 00:15:31.860,"[zh] 另外一种关于启示的比喻,"
271,00:15:31.860 --> 00:15:34.860,"[zh] 就是说上帝为了让我们能够看见他,"
272,00:15:34.860 --> 00:15:38.860,"[zh] 他希望他就首先需要给他自己遮盖一层,"
273,00:15:38.860 --> 00:15:42.860,"[zh] 他需要通过这种方式把自己遮盖起来,"
274,00:15:42.860 --> 00:15:48.860,[zh] 然后通过这个我们可以去看到外在里面的实质如何。
275,00:15:48.860 --> 00:15:51.860,"[zh] 他在这里面用的一个词叫穿戴,"
276,00:15:51.860 --> 00:15:55.860,"[zh] 所以上帝穿戴通过这个圣经的话,"
277,00:15:55.860 --> 00:15:57.860,[zh] 就是作为自己的衣服穿上。
278,00:15:57.860 --> 00:16:00.860,"[zh] 上帝也通过他的创造的这个世界,"
279,00:16:00.860 --> 00:16:04.860,[zh] 可见的物质的世界穿上自己。
280,00:16:04.860 --> 00:16:07.860,"[zh] 那么上帝也通过道成肉身的方式,"
281,00:16:07.860 --> 00:16:10.860,"[zh] 他也批带了这个人性,"
282,00:16:10.860 --> 00:16:11.860,[zh] 也穿上了。
283,00:16:11.860 --> 00:16:14.860,"[zh] 所以我们可以看到圣经,"
284,00:16:14.860 --> 00:16:16.860,"[zh] 它的核心,"
285,00:16:16.860 --> 00:16:20.860,[zh] 这三个穿的衣服的核心都是上帝的道。
286,00:16:20.860 --> 00:16:22.860,"[zh] 那么圣经的话,"
287,00:16:22.860 --> 00:16:24.860,[zh] 那当然就是上帝的道。
288,00:16:24.860 --> 00:16:26.860,"[zh] 那么这个创造的自然也是可以,"
289,00:16:26.860 --> 00:16:30.860,"[zh] 自然界也是可以让我们通过这个观察自然界,"
290,00:16:30.860 --> 00:16:33.860,"[zh] 去获取上帝创造的这个Logos,"
291,00:16:33.860 --> 00:16:34.860,[zh] 就是道。
292,00:16:34.860 --> 00:16:38.860,"[zh] 那么上帝并且亲自的道成肉身,"
293,00:16:38.860 --> 00:16:39.860,"[zh] 住在这个,"
294,00:16:39.860 --> 00:16:42.860,[zh] 替代了这个人性在其中。
295,00:16:42.860 --> 00:16:43.860,"[zh] 所以我们说,"
296,00:16:43.860 --> 00:16:48.860,[zh] 这个主耶稣基督是上帝的道。
297,00:16:48.860 --> 00:16:51.860,[zh] 我们也说这个圣经的话是上帝的道。
298,00:16:51.860 --> 00:16:55.860,"[zh] 也希望通过这个上面的话,"
299,00:16:55.860 --> 00:16:57.860,"[zh] 能够让大家明白,"
300,00:16:57.860 --> 00:17:00.860,"[zh] 这个上帝的话不是一个单向的维度,"
301,00:17:00.860 --> 00:17:02.860,"[zh] 就像外面启示的,"
302,00:17:02.860 --> 00:17:06.860,[zh] 而是一个具象化的一个过程。
303,00:17:06.860 --> 00:17:07.860,"[zh] 就是,"
304,00:17:07.860 --> 00:17:08.860,[zh] 怎么说呢?
305,00:17:08.860 --> 00:17:09.860,[zh] 是双向的吧。
306,00:17:09.860 --> 00:17:10.860,"[zh] 双向的就是,"
307,00:17:10.860 --> 00:17:13.860,"[zh] 上帝通过这些彰显自己,"
308,00:17:13.860 --> 00:17:17.860,"[zh] 而我们也通过这些能够走进去,"
309,00:17:17.860 --> 00:17:19.860,"[zh] 看到上帝的这个,"
310,00:17:19.860 --> 00:17:22.860,[zh] 属灵的这个世界。
311,00:17:22.860 --> 00:17:23.860,"[zh] 所以,"
312,00:17:23.860 --> 00:17:24.860,"[zh] 教授们关于这个,"
313,00:17:24.860 --> 00:17:26.860,"[zh] 阅读圣经的时候,"
314,00:17:26.860 --> 00:17:29.860,"[zh] 他们得出这样一个点论,"
315,00:17:29.860 --> 00:17:30.860,"[zh] 就是,"
316,00:17:30.860 --> 00:17:32.860,"[zh] 圣经上的话是,"
317,00:17:32.860 --> 00:17:34.860,[zh] 是不能重进的。
318,00:17:34.860 --> 00:17:35.860,"[zh] 里面,"
319,00:17:35.860 --> 00:17:38.860,"[zh] 它里面的很多的含义,"
320,00:17:38.860 --> 00:17:41.860,[zh] 是没有办法重进的。
321,00:17:41.860 --> 00:17:45.860,"[zh] 因为它里面包含的就是上帝的道本身,"
322,00:17:45.860 --> 00:17:46.860,[zh] 道就是不能重进的。
323,00:17:46.860 --> 00:17:48.860,"[zh] 也当我们谈到这个,"
324,00:17:48.860 --> 00:17:50.860,"[zh] 这个关于对圣经的这种,"
325,00:17:50.860 --> 00:17:52.860,"[zh] 属灵含义的理解,"
326,00:17:52.860 --> 00:17:54.860,"[zh] 就是我们看进去的时候,"
327,00:17:54.860 --> 00:17:55.860,"[zh] 那么我们会,"
328,00:17:55.860 --> 00:17:57.860,"[zh] 会进而谈到下一位,"
329,00:17:57.860 --> 00:17:59.860,"[zh] 三位体的,"
330,00:17:59.860 --> 00:18:00.860,[zh] 之一就是圣灵。
331,00:18:00.860 --> 00:18:01.860,"[zh] 对,"
332,00:18:01.860 --> 00:18:02.860,"[zh] 如果说上帝的话语,"
333,00:18:02.860 --> 00:18:03.860,"[zh] 是一个,"
334,00:18:03.860 --> 00:18:05.860,"[zh] 生不见底的汪洋的时候,"
335,00:18:05.860 --> 00:18:06.860,"[zh] 那么,"
336,00:18:06.860 --> 00:18:07.860,"[zh] 圣灵呢,"
337,00:18:07.860 --> 00:18:08.860,"[zh] 就是可以,"
338,00:18:08.860 --> 00:18:11.860,"[zh] 进入这个汪洋深处的,"
339,00:18:11.860 --> 00:18:13.860,[zh] 一种方式。
340,00:18:13.860 --> 00:18:14.860,"[zh] 所以,"
341,00:18:14.860 --> 00:18:16.860,"[zh] 主耶稣说我们要,"
342,00:18:16.860 --> 00:18:18.860,"[zh] 要查考圣经,"
343,00:18:18.860 --> 00:18:19.860,"[zh] 那么我们这个,"
344,00:18:19.860 --> 00:18:21.860,"[zh] 这个圣经里面无从无尽的,"
345,00:18:21.860 --> 00:18:22.860,"[zh] 这个,"
346,00:18:22.860 --> 00:18:25.860,"[zh] 上帝的这个信息和含义呢,"
347,00:18:25.860 --> 00:18:27.860,[zh] 去寻找。
348,00:18:27.860 --> 00:18:30.860,"[zh] 这个是我们现代社会的一个弊端,"
349,00:18:30.860 --> 00:18:33.860,"[zh] 就是我们现在有很多年,"
350,00:18:33.860 --> 00:18:36.860,"[zh] 就是年价的书籍,"
351,00:18:36.860 --> 00:18:38.860,"[zh] 或者一些电子的材料,"
352,00:18:38.860 --> 00:18:39.860,"[zh] 比如电脑或手机,"
353,00:18:39.860 --> 00:18:42.860,"[zh] 我们可以获得足够多的信息,"
354,00:18:42.860 --> 00:18:43.860,"[zh] 但是我们却,"
355,00:18:43.860 --> 00:18:46.860,[zh] 流于这些信息的表面。
356,00:18:46.860 --> 00:18:48.860,"[zh] 我们丧失了,"
357,00:18:48.860 --> 00:18:51.860,"[zh] 去领会这些信息后面更深层的,"
358,00:18:51.860 --> 00:18:53.860,[zh] 更属灵的含义的功能。
359,00:18:53.860 --> 00:18:55.860,"[zh] 那么这个是我们现代社会的,"
360,00:18:55.860 --> 00:18:56.860,[zh] 一个弊端之一。
361,00:18:56.860 --> 00:18:58.860,"[zh] 所以我们,"
362,00:18:58.860 --> 00:18:59.860,"[zh] 我们要知道,"
363,00:18:59.860 --> 00:19:01.860,"[zh] 就是我们这个圣经上的话,"
364,00:19:01.860 --> 00:19:03.860,"[zh] 是很深的,"
365,00:19:03.860 --> 00:19:05.860,"[zh] 它的寓意是很深的,"
366,00:19:05.860 --> 00:19:07.860,"[zh] 但是我们需要,"
367,00:19:07.860 --> 00:19:08.860,[zh] 我们需要进入到这个圣经里面。
368,00:19:08.860 --> 00:19:09.860,"[zh] 但是我们需要,"
369,00:19:09.860 --> 00:19:11.860,[zh] 我们需要进入到这个圣经里面。
370,00:19:11.860 --> 00:19:13.860,"[zh] 但是我们需要,"
371,00:19:13.860 --> 00:19:15.860,[zh] 我们需要进入到这个圣经里面。
372,00:19:15.860 --> 00:19:16.860,"[zh] 所以,"
373,00:19:16.860 --> 00:19:17.860,"[zh] 所以,"
374,00:19:17.860 --> 00:19:18.860,"[zh] 所以,"
375,00:19:18.860 --> 00:19:19.860,"[zh] 所以,"
376,00:19:19.860 --> 00:19:20.860,"[zh] 你所谓的意思,"
377,00:19:20.860 --> 00:19:21.860,"[zh] 更深的,"
378,00:19:21.860 --> 00:19:22.860,"[zh] 更深的,"
379,00:19:22.860 --> 00:19:23.860,"[zh] 或者更深的,"
380,00:19:23.860 --> 00:19:24.860,"[zh] 更深的,"
381,00:19:24.860 --> 00:19:25.860,"[zh] 更深的,"
382,00:19:25.860 --> 00:19:26.860,"[zh] 更深的,"
383,00:19:26.860 --> 00:19:27.860,"[zh] 更深的,"
384,00:19:27.860 --> 00:19:28.860,"[zh] 更深的,"
385,00:19:28.860 --> 00:19:58.860,[zh] 那么
386,00:19:58.860 --> 00:20:00.020,[zh] 知道很多
387,00:20:00.020 --> 00:20:03.380,[zh] 但是我们对圣经的了解
388,00:20:03.380 --> 00:20:04.700,[zh] 却流于表面
389,00:20:04.700 --> 00:20:07.100,[zh] 我们对它的属灵的含义
390,00:20:07.100 --> 00:20:08.980,[zh] 缺乏足够的认识
391,00:20:08.980 --> 00:20:10.140,[zh] 所以
392,00:20:10.140 --> 00:20:14.100,[zh] 现代人对圣经的了解
393,00:20:14.100 --> 00:20:15.220,[zh] 流于表面
394,00:20:15.220 --> 00:20:18.500,[zh] 也可能是我们现代社会基督徒
395,00:20:18.500 --> 00:20:19.660,[zh] 世俗化的一个原因
396,00:20:19.660 --> 00:20:20.700,[zh] 就是我们
397,00:20:20.700 --> 00:20:24.360,[zh] 我们认为圣经只有历史方面的含义
398,00:20:24.360 --> 00:20:25.980,[zh] 比如说我们有一个维度
399,00:20:25.980 --> 00:20:27.700,[zh] 就是在这个历史上
400,00:20:27.700 --> 00:20:31.140,[zh] 历史文法上了解当时的文化背景
401,00:20:31.140 --> 00:20:32.260,[zh] 那么也
402,00:20:32.260 --> 00:20:33.940,[zh] 另外一个表面的显示
403,00:20:33.940 --> 00:20:36.560,[zh] 就是我们对圣经的解释
404,00:20:36.560 --> 00:20:37.300,[zh] 流于
405,00:20:37.300 --> 00:20:40.440,[zh] 对于现代的社会的政治
406,00:20:40.440 --> 00:20:41.400,[zh] 经济
407,00:20:41.400 --> 00:20:44.440,[zh] 词汇施工方面的理解
408,00:20:44.440 --> 00:20:45.600,[zh] 并且这些理解
409,00:20:45.600 --> 00:20:48.140,[zh] 也是表面的
410,00:20:48.140 --> 00:20:49.420,[zh] 虽然看起来也是好的
411,00:20:49.420 --> 00:20:50.420,[zh] 比如说服务
412,00:20:50.420 --> 00:20:51.800,[zh] 做一些词汇施工
413,00:20:51.800 --> 00:20:52.860,[zh] 服务你的联社
414,00:20:52.860 --> 00:20:54.040,[zh] 这些都很好
415,00:20:54.040 --> 00:20:56.180,[zh] 但是我们却疏于
416,00:20:56.180 --> 00:20:58.620,[zh] 对他更深层的属灵的教导
417,00:20:58.620 --> 00:21:02.740,[zh] 所以我并不是说这些对圣经的
418,00:21:02.740 --> 00:21:04.480,[zh] 比较浅诚的理解
419,00:21:04.480 --> 00:21:06.580,[zh] 比如说关于历史文法方面的知识
420,00:21:06.580 --> 00:21:09.180,[zh] 关于他对现代社会的一些应用
421,00:21:09.180 --> 00:21:11.220,[zh] 是完全错误的
422,00:21:11.220 --> 00:21:12.420,[zh] 或者说我们
423,00:21:12.420 --> 00:21:15.680,[zh] 我们就不要去教会了
424,00:21:15.680 --> 00:21:17.060,[zh] 我们不要去进食了
425,00:21:17.060 --> 00:21:18.080,[zh] 不是的
426,00:21:18.080 --> 00:21:19.980,[zh] 而是说我们需要
427,00:21:19.980 --> 00:21:21.080,[zh] 从这个
428,00:21:21.080 --> 00:21:24.020,[zh] 对圣经的浅层的这种理解
429,00:21:24.020 --> 00:21:24.960,[zh] 和应用上
430,00:21:24.960 --> 00:21:27.360,[zh] 要勾批样
431,00:21:27.360 --> 00:21:28.320,[zh] 要超越它
432,00:21:28.320 --> 00:21:30.420,[zh] 或者要更加近身的走到下一步
433,00:21:30.420 --> 00:21:33.980,[zh] 那么这个就是教父的著作的意义所在
434,00:21:33.980 --> 00:21:35.920,[zh] 就是教父的著作
435,00:21:35.920 --> 00:21:39.980,[zh] 是一种对圣经的一种景象
436,00:21:39.980 --> 00:21:41.120,[zh] 或者叫theory
437,00:21:41.120 --> 00:21:43.540,[zh] 或者说我们说末观
438,00:21:43.540 --> 00:21:46.320,[zh] 就是说教父的著作是基于
439,00:21:46.320 --> 00:21:49.720,[zh] 他对圣经的末观而产生的文献
440,00:21:49.720 --> 00:21:52.020,[zh] 那么教父的文献呢
441,00:21:52.020 --> 00:21:55.380,[zh] 可以引导我们对圣经呢
442,00:21:55.380 --> 00:21:57.720,[zh] 有更深的理解
443,00:21:57.720 --> 00:21:59.940,[zh] 而不仅仅是流于这个表面
444,00:21:59.940 --> 00:22:02.700,[zh] 那么教父们留下的著作
445,00:22:02.700 --> 00:22:04.420,[zh] 对圣经的这种成词
446,00:22:04.420 --> 00:22:05.280,[zh] 或者目观
447,00:22:05.280 --> 00:22:07.080,[zh] 有很多种表现方式
448,00:22:07.080 --> 00:22:10.320,[zh] 有的是通过直接的解经讲道
449,00:22:10.320 --> 00:22:12.680,[zh] 有的是写
450,00:22:12.680 --> 00:22:14.520,[zh] 这个关于圣经的著书的
451,00:22:14.520 --> 00:22:16.420,[zh] 这个著式书籍
452,00:22:16.420 --> 00:22:17.560,[zh] 那么有的呢
453,00:22:17.560 --> 00:22:19.060,[zh] 可能是关于一些
454,00:22:19.060 --> 00:22:21.220,[zh] 创造一些赞美诗
455,00:22:21.220 --> 00:22:22.680,[zh] 在礼仪当中
456,00:22:22.680 --> 00:22:24.580,[zh] 用到这些赞美诗
457,00:22:24.580 --> 00:22:24.920,[zh] OK
458,00:22:24.920 --> 00:22:27.300,[zh] 我们主一个关于创世纪的例子
459,00:22:27.300 --> 00:22:28.920,[zh] 那么创世纪有很多故事
460,00:22:28.920 --> 00:22:30.960,[zh] 上帝创造了
461,00:22:30.960 --> 00:22:33.740,[zh] 就是七天创造了世界
462,00:22:33.740 --> 00:22:35.440,[zh] 然后关于亚伯拉罕的故事
463,00:22:35.440 --> 00:22:36.520,[zh] 关于约瑟的故事
464,00:22:36.520 --> 00:22:37.600,[zh] 关于罗奥的故事
465,00:22:37.600 --> 00:22:39.820,[zh] 那么如果我们采用一种
466,00:22:39.820 --> 00:22:42.780,[zh] 相对肤浅的理解的话
467,00:22:42.780 --> 00:22:45.300,[zh] 那我们可能就仅仅会探讨
468,00:22:45.300 --> 00:22:47.220,[zh] 故事本身的含义
469,00:22:47.220 --> 00:22:50.260,[zh] 那么我们如果在探讨
470,00:22:50.260 --> 00:22:51.280,[zh] 这个方面的时候
471,00:22:51.280 --> 00:22:53.660,[zh] 比如说关于创世六日的
472,00:22:53.660 --> 00:22:54.340,[zh] 言说的时候
473,00:22:54.340 --> 00:22:55.500,[zh] 我们就会探讨
474,00:22:55.500 --> 00:22:56.420,[zh] 上帝真的是
475,00:22:56.420 --> 00:22:58.460,[zh] 就六天
476,00:22:58.460 --> 00:22:59.820,[zh] 像我们现在的六天一样
477,00:22:59.820 --> 00:23:01.500,[zh] 去创造这个世界吗
478,00:23:01.500 --> 00:23:02.540,[zh] 就是采用一种
479,00:23:02.540 --> 00:23:03.700,[zh] 跟现代科学
480,00:23:03.700 --> 00:23:05.340,[zh] 做对比的方式
481,00:23:05.340 --> 00:23:07.640,[zh] 来探讨
482,00:23:07.640 --> 00:23:09.460,[zh] 探讨这个圣经的故事
483,00:23:09.460 --> 00:23:10.480,[zh] 所以
484,00:23:10.480 --> 00:23:12.360,[zh] 当然这些解释
485,00:23:12.360 --> 00:23:14.440,[zh] 对圣经的理解
486,00:23:14.440 --> 00:23:15.820,[zh] 并不是错误的
487,00:23:15.820 --> 00:23:17.320,[zh] 或者说不好的
488,00:23:17.320 --> 00:23:18.200,[zh] 我只是说
489,00:23:18.200 --> 00:23:19.380,[zh] 这个只是关于
490,00:23:19.380 --> 00:23:20.240,[zh] 这个圣经的
491,00:23:20.240 --> 00:23:22.060,[zh] 一个层面的理解
492,00:23:22.060 --> 00:23:23.520,[zh] 就是说
493,00:23:23.520 --> 00:23:27.720,[zh] 就是这样子的
494,00:23:27.720 --> 00:23:29.580,[zh] 所以比如说
495,00:23:29.580 --> 00:23:30.900,[zh] 关于这个
496,00:23:30.900 --> 00:23:33.100,[zh] 创世纪亚伯拉罕的故事
497,00:23:33.100 --> 00:23:34.380,[zh] 在不同的传统当中
498,00:23:34.380 --> 00:23:35.160,[zh] 有不同解释
499,00:23:35.160 --> 00:23:36.440,[zh] 比如说犹太人的解释
500,00:23:36.440 --> 00:23:37.340,[zh] 那么就是
501,00:23:37.340 --> 00:23:39.400,[zh] 比较历史的
502,00:23:39.400 --> 00:23:40.400,[zh] 因为犹太人
503,00:23:40.400 --> 00:23:42.060,[zh] 他们就是亚伯拉罕的后裔
504,00:23:42.060 --> 00:23:43.620,[zh] 他们就会采取一个
505,00:23:43.620 --> 00:23:44.840,[zh] 历史方面解释
506,00:23:44.840 --> 00:23:45.920,[zh] 但对我们基督徒来说
507,00:23:45.920 --> 00:23:46.800,[zh] 我们很多基督徒
508,00:23:46.800 --> 00:23:47.780,[zh] 他不是犹太人
509,00:23:47.780 --> 00:23:48.520,[zh] 他在血统上
510,00:23:48.520 --> 00:23:49.760,[zh] 就不是亚伯拉罕的后裔
511,00:23:49.760 --> 00:23:51.380,[zh] 那么我们就采取了一种
512,00:23:51.380 --> 00:23:52.700,[zh] 属灵的解释
513,00:23:52.700 --> 00:23:53.360,[zh] 关于他的
514,00:23:53.360 --> 00:23:55.120,[zh] 亚伯拉罕的儿子
515,00:23:55.120 --> 00:23:56.180,[zh] 以撒尔雅各
516,00:23:56.180 --> 00:23:58.720,[zh] 然后我们
517,00:23:58.720 --> 00:24:01.060,[zh] 我们用亚伯拉罕的故事
518,00:24:01.060 --> 00:24:02.040,[zh] 来给我们一个
519,00:24:02.040 --> 00:24:03.760,[zh] 属灵方面的教导
520,00:24:03.760 --> 00:24:06.040,[zh] 比如说这个出埃及期
521,00:24:06.040 --> 00:24:07.980,[zh] 摩西从法老的
522,00:24:07.980 --> 00:24:08.960,[zh] 这个报证下
523,00:24:08.960 --> 00:24:10.100,[zh] 带领以色列人
524,00:24:10.100 --> 00:24:11.700,[zh] 出埃及的故事
525,00:24:11.700 --> 00:24:13.480,[zh] 那么很多故事细节
526,00:24:13.480 --> 00:24:15.260,[zh] 对于犹太人来说
527,00:24:15.260 --> 00:24:16.740,[zh] 他们就是一部
528,00:24:16.740 --> 00:24:18.580,[zh] 历史的典籍
529,00:24:18.580 --> 00:24:20.400,[zh] 历史上发生过这样的事情
530,00:24:20.400 --> 00:24:22.240,[zh] 出现过一个摩西这样的人物
531,00:24:22.240 --> 00:24:23.820,[zh] 经历过这样的事件
532,00:24:23.820 --> 00:24:25.340,[zh] 但是对于基督徒来说
533,00:24:25.340 --> 00:24:28.860,[zh] 我们不是犹太人的直接会议
534,00:24:28.860 --> 00:24:30.240,[zh] 那么对我们来说
535,00:24:30.240 --> 00:24:31.740,[zh] 摩西就是一个
536,00:24:31.740 --> 00:24:34.160,[zh] 主耶稣基督的一个预表
537,00:24:34.160 --> 00:24:35.760,[zh] 那么这个法老的报证
538,00:24:35.760 --> 00:24:37.640,[zh] 就相当于魔鬼撒旦
539,00:24:37.640 --> 00:24:39.880,[zh] 通过情欲来统治我们
540,00:24:39.880 --> 00:24:41.500,[zh] 这个人类的一个预表
541,00:24:41.500 --> 00:24:43.780,[zh] 那么我们就把这个故事
542,00:24:43.780 --> 00:24:46.540,[zh] 更加的属灵和生化
543,00:24:46.540 --> 00:24:48.860,[zh] 有利于我们这个属灵生命的成长
544,00:24:48.860 --> 00:24:50.540,[zh] 那这并不是说
545,00:24:50.540 --> 00:24:53.500,[zh] 这个出埃及期的故事
546,00:24:53.500 --> 00:24:55.880,[zh] 不是符合历史事实的
547,00:24:55.880 --> 00:24:57.260,[zh] 它是一个真实的历史事实
548,00:24:57.260 --> 00:24:58.120,[zh] 只不过是说
549,00:24:58.120 --> 00:24:59.500,[zh] 我们对圣经的解释
550,00:24:59.500 --> 00:25:01.320,[zh] 不停留在
551,00:25:01.320 --> 00:25:03.860,[zh] 这些仅仅是历史方面的解释
552,00:25:03.860 --> 00:25:06.640,[zh] 当我们谈到这种解经方法的时候
553,00:25:06.640 --> 00:25:09.960,[zh] 一个是关于这个历史文化方面解经
554,00:25:09.960 --> 00:25:11.460,[zh] 另外一个关于这个
555,00:25:11.460 --> 00:25:12.720,[zh] 我们叫做灵异解经
556,00:25:12.720 --> 00:25:15.160,[zh] 那么这个文字
557,00:25:15.160 --> 00:25:15.680,[zh] Niteral
558,00:25:15.680 --> 00:25:17.580,[zh] 就是来自于这个拉丁字
559,00:25:17.580 --> 00:25:19.640,[zh] 它的意思就是这个字母的意思
560,00:25:19.640 --> 00:25:21.680,[zh] 那么它的意思就是说
561,00:25:21.680 --> 00:25:23.480,[zh] 你真实看到的一个字母
562,00:25:23.480 --> 00:25:24.100,[zh] 是怎么样
563,00:25:24.100 --> 00:25:24.660,[zh] 它就是
564,00:25:24.660 --> 00:25:25.600,[zh] 它就是怎样
565,00:25:25.600 --> 00:25:26.400,[zh] 它就是说话
566,00:25:26.400 --> 00:25:27.920,[zh] 比如说我们说
567,00:25:27.920 --> 00:25:30.060,[zh] 这个上帝在创世纪的
568,00:25:30.060 --> 00:25:30.760,[zh] 这个伊甸园
569,00:25:30.760 --> 00:25:31.960,[zh] 有树
570,00:25:31.960 --> 00:25:32.780,[zh] 有河流
571,00:25:32.780 --> 00:25:34.400,[zh] 有园子
572,00:25:34.400 --> 00:25:36.700,[zh] 那么从字面的意思上说
573,00:25:36.700 --> 00:25:37.540,[zh] 它就是有树
574,00:25:37.540 --> 00:25:38.460,[zh] 有园子
575,00:25:38.460 --> 00:25:39.020,[zh] 有河流
576,00:25:39.020 --> 00:25:40.260,[zh] 那么
577,00:25:40.260 --> 00:25:42.400,[zh] 关于蜀灵方面的解释
578,00:25:42.400 --> 00:25:44.480,[zh] 并不是说要抛弃
579,00:25:44.480 --> 00:25:45.400,[zh] 这个历史
580,00:25:45.400 --> 00:25:47.300,[zh] 历史文字上的解释
581,00:25:47.300 --> 00:25:48.060,[zh] 不是
582,00:25:48.060 --> 00:25:49.720,[zh] 而是蜀灵方面的解释
583,00:25:49.720 --> 00:25:52.120,[zh] 是开始于
584,00:25:52.120 --> 00:25:53.420,[zh] 关于这个圣经
585,00:25:53.420 --> 00:25:54.540,[zh] 字面上的理解
586,00:25:54.540 --> 00:25:55.800,[zh] 和含义的理解
587,00:25:55.800 --> 00:25:58.300,[zh] 它要走得更深
588,00:25:58.300 --> 00:25:59.640,[zh] 它试图在这些
589,00:25:59.640 --> 00:26:01.360,[zh] 字面的意思上
590,00:26:01.360 --> 00:26:02.140,[zh] 找出它
591,00:26:02.140 --> 00:26:04.700,[zh] 后面隐藏的蜀灵的含义
592,00:26:04.700 --> 00:26:06.280,[zh] 帮助我们
593,00:26:06.280 --> 00:26:07.520,[zh] 过一个蜀灵的生活
594,00:26:07.520 --> 00:26:09.620,[zh] 当我们谈到这个字面
595,00:26:09.620 --> 00:26:11.160,[zh] 字面和经义的时候
596,00:26:11.160 --> 00:26:13.220,[zh] 我们并不是说
597,00:26:13.220 --> 00:26:16.340,[zh] 这个字面是不需要的
598,00:26:16.340 --> 00:26:17.420,[zh] 而只是告诉大家
599,00:26:17.420 --> 00:26:19.380,[zh] 字面只是进入
600,00:26:19.380 --> 00:26:20.740,[zh] 它这个文字
601,00:26:20.740 --> 00:26:21.660,[zh] 经义的一个
602,00:26:21.660 --> 00:26:22.660,[zh] 一个途径
603,00:26:22.660 --> 00:26:23.540,[zh] 一个开始
604,00:26:23.540 --> 00:26:25.420,[zh] 比如说
605,00:26:25.420 --> 00:26:26.220,[zh] 我们说
606,00:26:26.220 --> 00:26:28.040,[zh] 道成肉身的主耶稣基督
607,00:26:28.040 --> 00:26:30.300,[zh] 他是穿戴了人性
608,00:26:30.300 --> 00:26:31.660,[zh] 但并不表示
609,00:26:31.660 --> 00:26:33.080,[zh] 他仅仅是一个人
610,00:26:33.080 --> 00:26:37.580,[zh] 他其实在他的这个穿戴的人性之下
611,00:26:37.580 --> 00:26:40.760,[zh] 有一些超越人性的事物
612,00:26:40.760 --> 00:26:41.860,[zh] 就是他就是
613,00:26:41.860 --> 00:26:43.540,[zh] 因为他就是上帝的儿子
614,00:26:43.540 --> 00:26:44.420,[zh] 道成肉身
615,00:26:44.420 --> 00:26:46.760,[zh] 所以这些外在的形式
616,00:26:46.760 --> 00:26:50.560,[zh] 允许我们更精深地去了解
617,00:26:50.560 --> 00:26:52.480,[zh] 事物的这个本质和内涵
618,00:26:52.480 --> 00:26:55.660,[zh] 但是我们必须穿过
619,00:26:55.660 --> 00:26:58.000,[zh] 这个事物的外在的形式
620,00:26:58.000 --> 00:27:00.980,[zh] 其实如果我们仅仅停留于
621,00:27:00.980 --> 00:27:02.180,[zh] 这个字面含义
622,00:27:02.180 --> 00:27:03.960,[zh] 或者说事物的表象的话
623,00:27:03.960 --> 00:27:06.140,[zh] 那么这个其实是一种
624,00:27:06.140 --> 00:27:07.340,[zh] 有罪的状态
625,00:27:07.340 --> 00:27:08.240,[zh] 就比如说
626,00:27:08.240 --> 00:27:09.480,[zh] 道成肉身的主耶稣
627,00:27:09.480 --> 00:27:10.700,[zh] 如果我们只看到
628,00:27:10.700 --> 00:27:11.620,[zh] 他的人性的话
629,00:27:11.620 --> 00:27:13.580,[zh] 那么他就是一个人
630,00:27:13.580 --> 00:27:14.660,[zh] 那么这个根本
631,00:27:14.660 --> 00:27:15.980,[zh] 就不符合基督教的信用
632,00:27:15.980 --> 00:27:17.080,[zh] 那么这个关于圣经
633,00:27:17.080 --> 00:27:17.880,[zh] 也是一样的
634,00:27:17.880 --> 00:27:19.020,[zh] 圣经上的
635,00:27:19.020 --> 00:27:20.960,[zh] 这个历史上的事件和人物
636,00:27:20.960 --> 00:27:21.960,[zh] 都是真实的
637,00:27:21.960 --> 00:27:23.460,[zh] 就是事实发生过的
638,00:27:23.460 --> 00:27:24.580,[zh] 就像主耶稣基督
639,00:27:24.580 --> 00:27:25.260,[zh] 道成肉身
640,00:27:25.260 --> 00:27:26.720,[zh] 他真的穿戴了
641,00:27:26.720 --> 00:27:27.940,[zh] 人性的身体一样
642,00:27:27.940 --> 00:27:29.580,[zh] 那么只不过是
643,00:27:29.580 --> 00:27:30.860,[zh] 我们不能停留于
644,00:27:30.860 --> 00:27:33.020,[zh] 这个仅仅是历史方面的
645,00:27:33.020 --> 00:27:34.900,[zh] 关于圣经的理解
646,00:27:34.900 --> 00:27:37.760,[zh] 我们必须勾比一样
647,00:27:37.760 --> 00:27:40.000,[zh] 就是更加深入
648,00:27:40.000 --> 00:27:43.820,[zh] 这个文字本后面的这个经意
649,00:27:43.820 --> 00:27:45.320,[zh] 那么这个是
650,00:27:45.320 --> 00:27:47.120,[zh] 这个是人的一种
651,00:27:47.120 --> 00:27:49.280,[zh] 人的一种状态
652,00:27:49.280 --> 00:27:50.920,[zh] 我们虽然生活在一个
653,00:27:50.920 --> 00:27:52.720,[zh] 物质的可见的世界
654,00:27:52.720 --> 00:27:55.380,[zh] 但是我们却可以
655,00:27:55.380 --> 00:27:57.220,[zh] 进入属灵的世界
656,00:27:57.220 --> 00:27:58.520,[zh] 也就是说我们可以跟
657,00:27:58.520 --> 00:27:59.780,[zh] 属灵的事物有交流
658,00:27:59.780 --> 00:28:03.480,[zh] 关于这个末观这个词呢
659,00:28:03.480 --> 00:28:05.600,[zh] 它意思就是说看见
660,00:28:05.600 --> 00:28:06.960,[zh] 就是看见这个景象
661,00:28:06.960 --> 00:28:09.360,[zh] 那么还有另外一个词来描绘
662,00:28:09.360 --> 00:28:10.460,[zh] 这个同样的事物呢
663,00:28:10.460 --> 00:28:12.180,[zh] 就是叫奥秘
664,00:28:12.180 --> 00:28:14.560,[zh] 你可能听到过
665,00:28:14.560 --> 00:28:16.180,[zh] 在希腊文里面
666,00:28:16.180 --> 00:28:18.220,[zh] 这个奥秘这个词
667,00:28:18.220 --> 00:28:21.480,[zh] 它本身的比较字面的来源呢
668,00:28:21.480 --> 00:28:23.660,[zh] 是闭上你的眼睛
669,00:28:23.660 --> 00:28:26.820,[zh] 我们可以举一个例子
670,00:28:26.820 --> 00:28:29.420,[zh] 来说明这个奥妙的含义
671,00:28:29.420 --> 00:28:30.080,[zh] 是什么意思
672,00:28:30.080 --> 00:28:32.360,[zh] 就是在圣餐礼当中呢
673,00:28:32.360 --> 00:28:34.980,[zh] 你的肉眼看到的是
674,00:28:34.980 --> 00:28:36.840,[zh] 这个发酵过的面包
675,00:28:36.840 --> 00:28:38.140,[zh] 还有这个酒
676,00:28:38.140 --> 00:28:43.160,[zh] 但是你看不到的东西呢
677,00:28:43.160 --> 00:28:45.800,[zh] 就是上帝的身体和宝血
678,00:28:45.800 --> 00:28:49.700,[zh] 这个就是我们谈到奥秘的意思
679,00:28:49.700 --> 00:28:52.480,[zh] 就是在礼仪当中
680,00:28:52.480 --> 00:28:55.520,[zh] 有一些属灵的不可见的事情
681,00:28:55.520 --> 00:28:56.900,[zh] 真实的发生了
682,00:28:56.900 --> 00:29:01.000,[zh] 但是我们是通过可见的礼仪的方式
683,00:29:01.000 --> 00:29:02.560,[zh] 来得以呈现的
684,00:29:02.560 --> 00:29:04.360,[zh] 就比如说洗礼
685,00:29:04.360 --> 00:29:06.360,[zh] 还有这个圣餐礼
686,00:29:06.360 --> 00:29:08.300,[zh] 这个就是我们说
687,00:29:08.300 --> 00:29:12.480,[zh] 也是字面和属灵精异的这个含义
688,00:29:12.480 --> 00:29:15.960,[zh] 就是我们看到的是事物的这个表现
689,00:29:15.960 --> 00:29:17.400,[zh] 但是我们需要进入
690,00:29:17.400 --> 00:29:19.060,[zh] 它的这个属灵生意当中
691,00:29:19.060 --> 00:29:23.280,[zh] 也那么这个就是我们这一场讲座的一个主题
692,00:29:23.280 --> 00:29:24.320,[zh] 就是上帝呢
693,00:29:24.320 --> 00:29:27.960,[zh] 通过一些可见的有行的方式呢
694,00:29:27.960 --> 00:29:31.980,[zh] 像穿一个外衣一样
695,00:29:31.980 --> 00:29:33.380,[zh] 穿戴自己
696,00:29:33.380 --> 00:29:34.980,[zh] 那么我们人呢
697,00:29:34.980 --> 00:29:38.560,[zh] 是通过这个可见有行的方式
698,00:29:38.560 --> 00:29:42.540,[zh] 它不是说让我们停留在这个外衣上
699,00:29:42.540 --> 00:29:45.660,[zh] 而让我们可以通过这个方式呢
700,00:29:45.660 --> 00:29:48.440,[zh] 进入到它的奥秘当中
701,00:29:48.440 --> 00:29:49.380,[zh] 然后与主
702,00:29:49.380 --> 00:29:50.200,[zh] 密切
703,00:29:50.200 --> 00:29:51.480,[zh] 有属灵的交流
704,00:29:51.480 --> 00:29:52.660,[zh] 那么这个就是我们
705,00:29:52.660 --> 00:29:55.580,[zh] 关于东正教教父们的教导
706,00:29:55.580 --> 00:29:57.500,[zh] 这就是为什么
707,00:29:57.500 --> 00:30:01.560,[zh] 为了传递这种属灵的世界
708,00:30:01.560 --> 00:30:03.420,[zh] 而不可见的信息
709,00:30:03.420 --> 00:30:07.180,[zh] 我们会给圣经有一些精编的装饰
710,00:30:07.180 --> 00:30:09.720,[zh] 我们会在礼仪当中
711,00:30:09.720 --> 00:30:10.740,[zh] 阅读圣经
712,00:30:10.740 --> 00:30:12.300,[zh] 我们会亲吻圣经
713,00:30:12.300 --> 00:30:17.600,[zh] 也许很多新教徒对这个传统教会有一个误解
714,00:30:17.600 --> 00:30:20.880,[zh] 说新教你看新教徒天天读圣经
715,00:30:20.880 --> 00:30:24.580,[zh] 天主教和东正教好像不怎么读圣经
716,00:30:24.580 --> 00:30:26.080,[zh] 他们只是参加礼仪
717,00:30:26.080 --> 00:30:27.600,[zh] 去亲吻圣像
718,00:30:27.600 --> 00:30:29.640,[zh] 一些外在形式而已
719,00:30:29.640 --> 00:30:32.520,[zh] 但是我必须纠正大家
720,00:30:32.520 --> 00:30:33.820,[zh] 就是在传统教会
721,00:30:33.820 --> 00:30:36.700,[zh] 圣经是处于非常中心的地位
722,00:30:36.700 --> 00:30:41.960,[zh] 因为这个上帝通过这个圣经上的话
723,00:30:41.960 --> 00:30:44.620,[zh] 也是道成肉身出来
724,00:30:44.620 --> 00:30:45.800,[zh] 彰显给大家的
725,00:30:45.800 --> 00:30:48.440,[zh] 他的这个信息是通过这个传递出来的
726,00:30:48.440 --> 00:30:48.700,[zh] OK
727,00:30:48.700 --> 00:30:50.540,[zh] 有点长
728,00:30:50.540 --> 00:30:52.100,[zh] 我就只能简单说一下
729,00:30:52.100 --> 00:30:54.180,[zh] 就是他举了一个九世纪的
730,00:30:54.180 --> 00:30:57.720,[zh] 中世坦丁的那个主教
731,00:30:57.720 --> 00:31:03.900,[zh] Fortius的话来谈到这个东正教
732,00:31:03.900 --> 00:31:06.800,[zh] 对阅读圣经的重视
733,00:31:06.800 --> 00:31:08.480,[zh] 就是在新月当中
734,00:31:08.480 --> 00:31:09.780,[zh] 有一段话
735,00:31:09.780 --> 00:31:10.340,[zh] 使徒说
736,00:31:10.340 --> 00:31:12.340,[zh] 当你们受迫害的时候
737,00:31:12.340 --> 00:31:14.280,[zh] 带到那个广场面前
738,00:31:14.280 --> 00:31:15.800,[zh] 不要预备好自己说什么
739,00:31:15.800 --> 00:31:17.120,[zh] 因为到时候呢
740,00:31:17.120 --> 00:31:19.540,[zh] 圣灵告诉你们说什么就说什么
741,00:31:19.540 --> 00:31:20.800,[zh] 那么这个Fortius
742,00:31:20.800 --> 00:31:22.440,[zh] 他理解这段圣经
743,00:31:22.440 --> 00:31:23.900,[zh] 就是告诉我们
744,00:31:23.900 --> 00:31:27.400,[zh] 你们需要经常把圣经
745,00:31:27.400 --> 00:31:28.300,[zh] 带到你们眼前
746,00:31:28.300 --> 00:31:29.780,[zh] 就是你们要阅读圣经
747,00:31:29.780 --> 00:31:30.520,[zh] 这样呢
748,00:31:30.520 --> 00:31:31.760,[zh] 你们可以预备好
749,00:31:31.760 --> 00:31:33.060,[zh] 当你们受逼迫的时候
750,00:31:33.060 --> 00:31:35.320,[zh] 你们可以说出这个圣经上的话
751,00:31:35.320 --> 00:31:36.380,[zh] 就是这个意思
752,00:31:36.380 --> 00:31:37.920,[zh] 他是这么理解的
753,00:31:37.920 --> 00:31:40.760,[zh] 我今天就简短的讲到这里
754,00:31:40.760 --> 00:31:42.260,[zh] 接下来
755,00:31:42.260 --> 00:31:44.640,[zh] 接下来如果大家有学员
756,00:31:44.640 --> 00:31:45.540,[zh] 有听众
757,00:31:45.540 --> 00:31:46.680,[zh] 有问题的话
758,00:31:46.680 --> 00:31:48.380,[zh] 可以来提
759,00:31:48.380 --> 00:31:50.320,[zh] 可以来提这方面的问题
760,00:31:50.320 --> 00:31:50.860,[zh] OK
761,00:31:50.860 --> 00:31:52.940,[zh] 我们看一下这里有一问题
762,00:31:52.940 --> 00:31:54.240,[zh] 这个油管
763,00:31:54.240 --> 00:31:55.600,[zh] 油管我待会发给你们
764,00:31:55.600 --> 00:31:59.100,[zh] 我把这个网站发给你们
765,00:31:59.100 --> 00:32:01.380,[zh] 在网站和我们的海报上都能看到
766,00:32:01.380 --> 00:32:01.820,[zh] 哦
767,00:32:01.820 --> 00:32:03.340,[zh] 圣经的启示
768,00:32:03.340 --> 00:32:04.400,[zh] 辅助我们的局限
769,00:32:04.400 --> 00:32:05.780,[zh] 用语言为工具
770,00:32:05.780 --> 00:32:06.660,[zh] 启示了真理
771,00:32:06.660 --> 00:32:08.060,[zh] 我们人类在多样的
772,00:32:08.060 --> 00:32:09.140,[zh] 可信心到上帝本质
773,00:32:09.140 --> 00:32:09.580,[zh] 比如说
774,00:32:09.580 --> 00:32:11.020,[zh] 使用单一多一类比
775,00:32:11.020 --> 00:32:11.300,[zh] OK
776,00:32:11.300 --> 00:32:12.040,[zh] they have a question
777,00:32:12.040 --> 00:32:14.120,[zh] about the Bible
778,00:32:14.120 --> 00:32:15.400,[zh] the understanding
779,00:32:15.400 --> 00:32:16.760,[zh] he says
780,00:32:16.760 --> 00:32:19.060,[zh] the revelation of the Bible
781,00:32:19.060 --> 00:32:20.240,[zh] condenses
782,00:32:20.240 --> 00:32:22.340,[zh] to our limitation
783,00:32:22.340 --> 00:32:25.880,[zh] using language as a tool
784,00:32:25.880 --> 00:32:27.240,[zh] to reveal the truth
785,00:32:27.240 --> 00:32:28.480,[zh] to what extent
786,00:32:28.480 --> 00:32:29.480,[zh] can we human
787,00:32:29.480 --> 00:32:30.200,[zh] comprehend
788,00:32:30.200 --> 00:32:31.360,[zh] the essence of God
789,00:32:31.360 --> 00:32:33.120,[zh] what employing
790,00:32:33.120 --> 00:32:34.700,[zh] univocal
791,00:32:34.700 --> 00:32:36.320,[zh] equivocal
792,00:32:36.320 --> 00:32:36.860,[zh] and
793,00:32:36.860 --> 00:32:38.620,[zh] analogical term
794,00:32:38.620 --> 00:32:39.860,[zh] what boundary
795,00:32:39.860 --> 00:32:40.940,[zh] of the linguistic
796,00:32:40.940 --> 00:32:41.620,[zh] limitation
797,00:32:41.620 --> 00:32:42.280,[zh] should be
798,00:32:42.280 --> 00:32:43.560,[zh] mindful
799,00:32:43.560 --> 00:32:44.780,[zh] 在这个聊
800,00:32:44.780 --> 00:32:46.140,[zh] in the chat
801,00:32:46.140 --> 00:32:47.300,[zh] you can see
802,00:32:47.300 --> 00:32:48.160,[zh] the questions
803,00:32:48.160 --> 00:32:48.400,[zh] there
804,00:32:48.400 --> 00:32:49.480,[zh] I think it's a
805,00:32:49.480 --> 00:32:51.080,[zh] complicated question
806,00:32:51.080 --> 00:32:52.600,[zh] he asked
807,00:32:52.600 --> 00:32:53.280,[zh] a lot of
808,00:32:53.280 --> 00:32:54.640,[zh] terms
809,00:32:54.640 --> 00:32:55.240,[zh] about
810,00:32:55.240 --> 00:32:56.280,[zh] interpretations
811,00:32:56.280 --> 00:32:57.800,[zh] 所以
812,00:32:57.800 --> 00:32:59.600,[zh] 在这里面
813,00:32:59.600 --> 00:33:00.720,[zh] 他解释了
814,00:33:00.720 --> 00:33:01.540,[zh] 关于这个
815,00:33:01.540 --> 00:33:02.460,[zh] 单一
816,00:33:02.460 --> 00:33:02.820,[zh] 多一
817,00:33:02.820 --> 00:33:04.040,[zh] 和类比的区别
818,00:33:04.040 --> 00:33:04.480,[zh] 单一
819,00:33:04.480 --> 00:33:05.380,[zh] 就是一个词
820,00:33:05.380 --> 00:33:06.800,[zh] 它始终保持一个意思
821,00:33:06.800 --> 00:33:07.620,[zh] 多一
822,00:33:07.620 --> 00:33:09.220,[zh] 就是一个词
823,00:33:09.220 --> 00:33:10.380,[zh] 在不同的场景
824,00:33:10.380 --> 00:33:11.460,[zh] 和使用的情况下
825,00:33:11.460 --> 00:33:12.900,[zh] 会有不一样的意思
826,00:33:12.900 --> 00:33:13.780,[zh] 甚至一个词
827,00:33:13.780 --> 00:33:14.840,[zh] 它有很多种意思
828,00:33:14.840 --> 00:33:15.460,[zh] 那么
829,00:33:15.460 --> 00:33:16.860,[zh] 这个类比的意思
830,00:33:16.860 --> 00:33:17.860,[zh] 它使用了
831,00:33:17.860 --> 00:33:19.280,[zh] 雅里士多的比喻
832,00:33:19.280 --> 00:33:19.660,[zh] 它说
833,00:33:19.660 --> 00:33:20.840,[zh] 我是健康的
834,00:33:20.840 --> 00:33:22.540,[zh] 花菜也是健康的
835,00:33:22.540 --> 00:33:23.060,[zh] 我们说
836,00:33:23.060 --> 00:33:24.080,[zh] 花菜健康的时候
837,00:33:24.080 --> 00:33:26.280,[zh] 花菜的健康
838,00:33:26.280 --> 00:33:26.960,[zh] 跟我的健康
839,00:33:26.960 --> 00:33:27.920,[zh] 是不一样的
840,00:33:27.920 --> 00:33:28.800,[zh] 但是
841,00:33:28.800 --> 00:33:30.540,[zh] 花菜的健康的
842,00:33:30.540 --> 00:33:31.080,[zh] 一个花菜
843,00:33:31.080 --> 00:33:32.040,[zh] 跟我的健康
844,00:33:32.040 --> 00:33:33.100,[zh] 是有关系的
845,00:33:33.100 --> 00:33:33.360,[zh] 所以
846,00:33:33.360 --> 00:33:35.100,[zh] 它做了这样一个类比
847,00:33:35.100 --> 00:33:35.800,[zh] 所以
848,00:33:35.800 --> 00:33:36.360,[zh] 当然
849,00:33:36.360 --> 00:33:36.880,[zh] 这里面
850,00:33:36.880 --> 00:33:37.340,[zh] 教父们
851,00:33:37.340 --> 00:33:38.180,[zh] 有一些原则
852,00:33:38.180 --> 00:33:39.840,[zh] 来使用
853,00:33:39.840 --> 00:33:41.940,[zh] 这些解净的方式
854,00:33:41.940 --> 00:33:42.640,[zh] 就比如说
855,00:33:42.640 --> 00:33:43.620,[zh] 我们知道
856,00:33:43.620 --> 00:33:45.500,[zh] 上帝是无形的
857,00:33:45.500 --> 00:33:46.500,[zh] 不可见的
858,00:33:46.500 --> 00:33:47.540,[zh] 那么当圣经
859,00:33:47.540 --> 00:33:48.360,[zh] 使用一些
860,00:33:48.360 --> 00:33:49.960,[zh] 有形可见的词汇
861,00:33:49.960 --> 00:33:51.000,[zh] 来描述上帝的时候
862,00:33:51.000 --> 00:33:51.840,[zh] 我们知道
863,00:33:51.840 --> 00:33:53.720,[zh] 它不是一个真实意义上的
864,00:33:53.720 --> 00:33:54.320,[zh] 这个解释
865,00:33:54.320 --> 00:33:57.460,[zh] 而是这个类比性的解释
866,00:33:57.460 --> 00:33:58.360,[zh] 那么
867,00:33:58.360 --> 00:33:59.420,[zh] 关于圣经上
868,00:33:59.420 --> 00:34:01.300,[zh] 关于上帝的话语
869,00:34:01.300 --> 00:34:01.600,[zh] 也说
870,00:34:01.600 --> 00:34:02.620,[zh] 上帝是不可见的
871,00:34:02.620 --> 00:34:03.880,[zh] 是无形的
872,00:34:03.880 --> 00:34:06.640,[zh] 它是没有一个身体的
873,00:34:06.640 --> 00:34:08.080,[zh] 它是上帝是个灵
874,00:34:08.080 --> 00:34:08.760,[zh] 那么
875,00:34:08.760 --> 00:34:09.800,[zh] 这些说法
876,00:34:09.800 --> 00:34:11.640,[zh] 贯全整个圣经的教导
877,00:34:11.640 --> 00:34:12.780,[zh] 那我们在解释
878,00:34:12.780 --> 00:34:14.100,[zh] 解释这些的时候
879,00:34:14.100 --> 00:34:15.400,[zh] 就成了我们一个
880,00:34:15.400 --> 00:34:16.860,[zh] 解经的一个指导原则
881,00:34:16.860 --> 00:34:17.900,[zh] 那么
882,00:34:17.900 --> 00:34:19.220,[zh] 就比如说
883,00:34:19.220 --> 00:34:20.460,[zh] 这个上面的问题
884,00:34:20.460 --> 00:34:21.340,[zh] 提到这个
885,00:34:21.340 --> 00:34:22.640,[zh] 关于上帝的本质
886,00:34:22.640 --> 00:34:23.320,[zh] 那么
887,00:34:23.320 --> 00:34:24.080,[zh] 其实在
888,00:34:24.080 --> 00:34:26.220,[zh] 教父神学的概念里面
889,00:34:26.220 --> 00:34:27.120,[zh] 这个上帝本质
890,00:34:27.120 --> 00:34:27.740,[zh] 它本身
891,00:34:27.740 --> 00:34:28.960,[zh] 就是一个boundary
892,00:34:28.960 --> 00:34:30.280,[zh] 是上帝不可知的
893,00:34:30.280 --> 00:34:30.840,[zh] 一个领域
894,00:34:30.840 --> 00:34:32.140,[zh] 但是我们仍然
895,00:34:32.140 --> 00:34:33.020,[zh] 可以对上帝
896,00:34:33.020 --> 00:34:34.000,[zh] 有了解
897,00:34:34.000 --> 00:34:34.360,[zh] 那么
898,00:34:34.360 --> 00:34:36.200,[zh] Dr.Pinro
899,00:34:36.200 --> 00:34:37.020,[zh] 在关于
900,00:34:37.020 --> 00:34:38.080,[zh] 上帝的讲座里面
901,00:34:38.080 --> 00:34:38.480,[zh] 也提到
902,00:34:38.480 --> 00:34:39.900,[zh] 上帝是在
903,00:34:39.900 --> 00:34:41.600,[zh] 他的本质周围的事物
904,00:34:41.600 --> 00:34:43.080,[zh] 通过他本质周围的事物
905,00:34:43.080 --> 00:34:43.980,[zh] 向我们显示
906,00:34:43.980 --> 00:34:44.620,[zh] 他自己的
907,00:34:44.620 --> 00:34:45.260,[zh] 所以
908,00:34:45.260 --> 00:34:47.360,[zh] 关于认识上帝的本质
909,00:34:47.360 --> 00:34:48.880,[zh] 可能每个人
910,00:34:48.880 --> 00:34:49.880,[zh] 对上帝本质
911,00:34:49.880 --> 00:34:50.620,[zh] 有不同的理解
912,00:34:50.620 --> 00:34:51.720,[zh] 但是在教父神学里面
913,00:34:51.720 --> 00:34:52.260,[zh] 上帝本质
914,00:34:52.260 --> 00:34:53.500,[zh] 就是不可知的一个领域
915,00:34:53.500 --> 00:34:54.900,[zh] 因为上帝是无限的
916,00:34:54.900 --> 00:34:56.000,[zh] 他不能通过人的
917,00:34:56.000 --> 00:34:57.460,[zh] 这个心思意念
918,00:34:57.460 --> 00:34:58.780,[zh] 去领会上帝的
919,00:34:58.780 --> 00:34:59.540,[zh] 这种无限性
920,00:34:59.540 --> 00:35:00.300,[zh] 肉身可以理解
921,00:35:00.300 --> 00:35:01.100,[zh] 道成肉身
922,00:35:01.100 --> 00:35:03.380,[zh] 圈上他所创造的世界之后
923,00:35:03.380 --> 00:35:05.740,[zh] 还有其他表达的方式吗
924,00:35:05.740 --> 00:35:08.380,[zh] 他将对
925,00:35:08.380 --> 00:35:14.200,[zh] 神的窗戒的蜂是一概念的
926,00:35:14.200 --> 00:35:16.000,[zh] 的靈性
927,00:35:16.000 --> 00:35:19.740,[zh] 他问问问
928,00:35:19.740 --> 00:35:21.900,[zh] 神的窗戒的蜂
929,00:35:21.900 --> 00:35:24.220,[zh] 也说是靈性的
930,00:35:24.220 --> 00:35:27.060,[zh] 然后他问问
931,00:35:27.060 --> 00:35:29.760,[zh] 神的窗戒的窗戒的窗戒
932,00:35:29.760 --> 00:35:37.660,[zh] 他有另一个窗戒的窗戒的窗戒的窗戒的窗戒
933,00:35:37.660 --> 00:35:39.660,[zh] 他问问
934,00:35:39.660 --> 00:35:41.380,[zh] 他有三个问题
935,00:35:41.380 --> 00:35:43.980,[zh] 他问问
936,00:35:43.980 --> 00:35:45.060,[zh] 为什么
937,00:35:45.060 --> 00:35:46.860,[zh] 窗戒的窗戒
938,00:35:46.860 --> 00:35:52.060,[zh] 在窗戒的窗戒的窗戒
939,00:35:52.060 --> 00:35:55.340,[zh] 而不是像是靖戒的窗戒的窗戒
940,00:35:55.340 --> 00:35:57.540,[zh] 他有三个问题
941,00:35:57.540 --> 00:35:59.500,[zh] 有点长
942,00:35:59.500 --> 00:36:04.420,[zh] 我只能简单地讲一下我女会的意思
943,00:36:04.420 --> 00:36:06.900,[zh] 他说他们基本上是一个意思
944,00:36:06.900 --> 00:36:08.900,[zh] 但是我们要小心
945,00:36:08.900 --> 00:36:11.900,[zh] 尤其是说到道成肉身
946,00:36:11.900 --> 00:36:13.900,[zh] 主耶稣道成肉身的时候
947,00:36:13.900 --> 00:36:17.900,[zh] 他说穿戴肉身并不是指他的肉身
948,00:36:17.900 --> 00:36:21.900,[zh] 这个肉身是指整传的人性
949,00:36:21.900 --> 00:36:22.900,[zh] 他穿戴了整传的人性
950,00:36:22.900 --> 00:36:26.900,[zh] 那么从另外一个角度去描述的话
951,00:36:26.900 --> 00:36:30.900,[zh] 比如说他穿戴的东西是一个道的彰显
952,00:36:30.900 --> 00:36:35.900,[zh] 但是他那里面的实质是道的时候
953,00:36:35.900 --> 00:36:37.900,[zh] 我们也可以说圣经
954,00:36:37.900 --> 00:36:41.900,[zh] 圣经它是上帝道的一种彰显
955,00:36:41.900 --> 00:36:44.900,[zh] 那时候我们说圣经是他的一个创戴的衣服
956,00:36:44.900 --> 00:36:49.900,[zh] 那我们也可以说上帝是用他的话语创造这个世界
957,00:36:49.900 --> 00:36:51.900,[zh] 那么这个世界也是上帝道的一个装显
958,00:36:51.900 --> 00:36:52.900,[zh] 从这个
959,00:36:52.900 --> 00:36:54.900,[zh] 他是说从这个类比上来说
960,00:36:54.900 --> 00:36:56.900,[zh] 他是道成肉身
961,00:36:56.900 --> 00:36:58.900,[zh] 因为我们是这个意思
962,00:36:58.900 --> 00:37:01.900,[zh] 那么他关于圣餐的饼
963,00:37:01.900 --> 00:37:02.900,[zh] 是否发酵的说法
964,00:37:02.900 --> 00:37:07.900,[zh] 他说这个面包在希腊词里面
965,00:37:07.900 --> 00:37:09.900,[zh] 它本身有完全的意思
966,00:37:09.900 --> 00:37:11.900,[zh] 那么在东正教里面他们关于理解
967,00:37:11.900 --> 00:37:14.900,[zh] 就是旧约它是一个很没有发酵的饼
968,00:37:14.900 --> 00:37:15.900,[zh] 还没有完全
969,00:37:15.900 --> 00:37:17.900,[zh] 他认为面包要发酵了才完全
970,00:37:17.900 --> 00:37:19.900,[zh] 所以主耶稣道成肉身以后
971,00:37:19.900 --> 00:37:21.900,[zh] 他承传了律法
972,00:37:21.900 --> 00:37:23.900,[zh] 他带来了完全
973,00:37:23.900 --> 00:37:25.900,[zh] 所以在东正教里面他就用发酵的饼
974,00:37:25.900 --> 00:37:27.900,[zh] 大概是这个意思
975,00:37:27.900 --> 00:37:28.900,[zh] 继续
976,00:37:28.900 --> 00:37:30.900,[zh] 他说
977,00:37:30.900 --> 00:37:32.900,[zh] 你应该读这个金口约翰
978,00:37:32.900 --> 00:37:34.900,[zh] 关于这个圣经的讲道和注释
979,00:37:34.900 --> 00:37:37.900,[zh] 这个是你必须看的一个人物
980,00:37:37.900 --> 00:37:39.900,[zh] 因为
981,00:37:39.900 --> 00:37:41.900,[zh] 这个是在正经的文化里面
982,00:37:41.900 --> 00:37:42.900,[zh] 这个是在正经的文化里面
983,00:37:42.900 --> 00:37:43.900,[zh] 这个是在正经的文化里面
984,00:37:43.900 --> 00:37:45.900,[zh] 这个是在正经的文化里面
985,00:37:45.900 --> 00:37:47.900,[zh] 你应该读这个金口约翰
986,00:37:47.900 --> 00:37:50.900,[zh] 关于这个圣经的讲道和注释
987,00:37:50.900 --> 00:37:52.900,[zh] 这个是你必须看的一个人物
988,00:37:52.900 --> 00:37:55.900,[zh] 因为
989,00:37:55.900 --> 00:37:57.900,[zh] inside
990,00:38:01.900 --> 00:38:03.900,[zh] rico
991,00:38:03.900 --> 00:38:04.900,[zh] 다고
992,00:38:04.900 --> 00:38:13.900,[zh] 另外
993,00:38:13.900 --> 00:38:15.300,[zh] let me check
994,00:38:15.300 --> 00:38:20.260,[zh] yeah i will send to the group later
995,00:38:20.260 --> 00:38:20.900,[zh] i think yeah
996,00:38:21.820 --> 00:38:23.420,[zh] cushion funded
997,00:38:24.260 --> 00:38:26.340,[zh] if i have other questions
998,00:38:26.340 --> 00:38:28.260,[zh] there's a saying to
999,00:38:28.820 --> 00:38:30.180,"[zh] bios, Aujourdideal geography"
1000,00:38:30.180 --> 00:38:32.500,[zh] i forget is technically tone of english
1001,00:38:32.500 --> 00:38:34.460,[zh] i mean's the story of a tee
1002,00:38:34.460 --> 00:38:36.860,[zh] do you have any recommendations
1003,00:38:36.860 --> 00:38:39.660,[zh] underkind from where
1004,00:38:39.660 --> 00:38:41.580,[zh] the beginning should be better
1005,00:38:41.580 --> 00:38:43.580,[zh] about the story
1006,00:38:43.580 --> 00:38:46.840,[zh] mijn videos are essential for Saint.
1007,00:38:46.840 --> 00:38:49.760,"[zh] 他不 a specific one,"
1008,00:38:49.760 --> 00:38:53.780,[zh] but他人拒絕cies
1009,00:38:53.780 --> 00:38:56.580,[zh] Saint Porphyria
1010,00:38:56.580 --> 00:39:07.820,"[zh] 我 블�不知道,手印过我的主持是or WWJ、从中国中,会読文幻长。"
1011,00:39:07.820 --> 00:39:13.960,[zh] 她也在在宫廟宇宙上
1012,00:39:13.960 --> 00:39:17.220,[zh] 也在英文宣布了这本书
1013,00:39:17.220 --> 00:39:21.320,"[zh] 如果全部都行,"
1014,00:39:21.320 --> 00:39:25.560,[zh] 我们会在中国版本的工作会变得更快
1015,00:39:25.560 --> 00:39:28.820,[zh] 我也会推荐《沙漠教父延信录》
1016,00:39:28.820 --> 00:39:34.220,[zh] 大部分内容是来自于埃及的沙漠修饰
1017,00:39:34.220 --> 00:39:37.420,[zh] 它们比较简短并且通俗易懂
1018,00:39:37.420 --> 00:39:40.320,[zh] 有一些故事是比较通俗易懂的
1019,00:39:40.320 --> 00:39:42.320,[zh] 所以这个是她推荐的
1020,00:39:42.320 --> 00:39:44.320,[zh] 一个是Saint Perfairius
1021,00:39:44.320 --> 00:39:45.520,"[zh] 如果大家不了解的话,"
1022,00:39:45.520 --> 00:39:49.820,[zh] 我可以把这个人物发到群里面
1023,00:39:49.820 --> 00:39:52.620,[zh] 现在我一下子没有找到
1024,00:39:52.620 --> 00:39:54.820,"[zh] 等一会儿,我会展示你的书"
1025,00:39:54.820 --> 00:39:56.420,[zh] 我觉得我写你的书
1026,00:39:56.420 --> 00:39:58.420,[zh] Saint Perfairius的书
1027,00:39:58.420 --> 00:40:00.300,[zh] 我有一本的书
1028,00:40:00.300 --> 00:40:04.220,[zh] 我觉得他的书是美丽的
1029,00:40:04.220 --> 00:40:07.120,[zh] 是一种好指导的
1030,00:40:07.120 --> 00:40:09.120,[zh] 我们的讲座会有回放
1031,00:40:09.120 --> 00:40:13.020,[zh] 现在我们现在有钱
1032,00:40:13.020 --> 00:40:13.620,[zh] 括号我们 πε估 Dad
1033,00:40:13.620 --> 00:40:15.740,[zh] 很快
1034,00:40:15.740 --> 00:40:16.980,[zh] 谢谢 Colana
1035,00:40:18.720 --> 00:40:19.860,[zh] 我觉得 .....
1036,00:40:19.880 --> 00:40:20.020,[zh] 我是很高興的
1037,00:40:20.020 --> 00:40:32.880,[zh] 我觉得
1038,00:40:32.880 --> 00:40:42.680,[zh] 我們用力量構思考知道
1039,00:40:42.680 --> 00:40:47.480,[zh] 我們都用多力量把 radi owning我們 mind
1040,00:40:47.480 --> 00:40:49.980,[zh] 做了 virtue education
1041,00:40:49.980 --> 00:40:53.320,[zh] 我覺得很大的問題
1042,00:40:53.320 --> 00:40:56.120,[zh] 但這種可以讓 apare攬習近 тр stead
1043,00:40:56.120 --> 00:40:58.840,[zh] 你開始時的常識
1044,00:40:58.840 --> 00:41:00.000,[zh] 所有法黨的教會
1045,00:41:00.000 --> 00:41:06.260,[zh] 全全的教练教主说ора教育的拥 CMDR
1046,00:41:06.680 --> 00:41:11.660,[zh] 我们专门 técn  Ott several hundredths
1047,00:41:11.660 --> 00:41:16.460,[zh] 我觉得这些发表是我们的努力
1048,00:41:16.980 --> 00:41:18.060,[zh] 我不你知道 APP diiere lemmerco
1049,00:41:18.200 --> 00:41:20.440,[zh] 对确实 我不说
1050,00:41:20.620 --> 00:41:22.100,[zh] bail out in the ub robo
1051,00:41:22.860 --> 00:41:24.120,[zh] 譬如 故演音模式
1052,00:41:24.380 --> 00:41:28.020,[zh] 他分享了四世纪的一个目的文化
1053,00:41:28.020 --> 00:41:30.900,[zh] 我把它翻译成马卡尼奥
1054,00:41:30.900 --> 00:41:33.180,[zh] 有的翻译成马加略
1055,00:41:33.180 --> 00:41:35.040,[zh] 在这个爱神集里面
1056,00:41:35.040 --> 00:41:36.740,[zh] 一个简短的篇幅
1057,00:41:36.740 --> 00:41:38.520,[zh] 关于收落在爱神集里面
1058,00:41:38.520 --> 00:41:39.660,[zh] 关于属灵操练的
1059,00:41:39.660 --> 00:41:41.800,[zh] 那么他就用到这幅画
1060,00:41:41.800 --> 00:41:43.200,[zh] 然后告诉大家
1061,00:41:43.200 --> 00:41:45.240,[zh] 这个属灵生活是从哪里开始
1062,00:41:45.240 --> 00:41:46.600,[zh] 他特别强调第一点
1063,00:41:46.600 --> 00:41:48.960,[zh] 就是要过一个简单的生活
1064,00:41:48.960 --> 00:41:50.340,[zh] 就简化你的生活
1065,00:41:50.340 --> 00:41:51.580,[zh] 你的生活要做厨法
1066,00:41:51.580 --> 00:41:52.400,[zh] 还不是做家法
1067,00:41:52.400 --> 00:41:53.520,[zh] 你要做家法的话
1068,00:41:53.520 --> 00:41:54.540,[zh] 就是他的反面
1069,00:41:54.540 --> 00:41:56.280,[zh] 就是贪图肉体的享乐
1070,00:41:56.280 --> 00:41:58.120,[zh] 就是各种生活的舒适
1071,00:41:58.120 --> 00:42:01.240,[zh] 那么这个是正好是现代社会的
1072,00:42:01.240 --> 00:42:03.120,[zh] 给我们带来的一个影响
1073,00:42:03.120 --> 00:42:06.440,[zh] 他说我们很容易倾向于
1074,00:42:06.440 --> 00:42:10.700,[zh] 我们倾向于看一些视频啊
1075,00:42:10.700 --> 00:42:15.180,[zh] 因为很容易受到这些信息嘛
1076,00:42:15.180 --> 00:42:17.540,[zh] 所以其实我们属灵的生活操练
1077,00:42:17.540 --> 00:42:19.380,[zh] 从简化我们的生活开始
1078,00:42:19.380 --> 00:42:21.700,[zh] 所以I think the image is wonderful
1079,00:42:21.700 --> 00:42:27.240,[zh] I already talked the screenshot about this
1080,00:42:27.240 --> 00:42:30.280,[zh] and maybe the Chinese audience know about this
1081,00:42:30.280 --> 00:42:30.580,[zh] yeah
1082,00:42:30.580 --> 00:42:31.200,[zh] thank you
1083,00:42:31.200 --> 00:42:32.200,[zh] yeah yeah yeah yeah
1084,00:42:32.200 --> 00:42:33.780,[zh] that's good
1085,00:42:33.780 --> 00:42:35.660,[zh] Send Markarios
1086,00:42:35.660 --> 00:42:38.200,[zh] English translations here
1087,00:42:38.200 --> 00:42:39.940,[zh] if anyone want it
1088,00:42:39.940 --> 00:42:40.620,[zh] just download
1089,00:42:40.620 --> 00:42:43.580,[zh] unfortunately most of the Chinese
1090,00:42:43.580 --> 00:42:45.740,[zh] they can't buy the English book
1091,00:42:45.740 --> 00:42:46.240,[zh] and
1092,00:42:46.240 --> 00:42:48.200,[zh] they don't allow to do
1093,00:42:48.200 --> 00:42:50.120,[zh] they don't have this access
1094,00:42:50.120 --> 00:42:51.160,[zh] and Markarios
1095,00:42:51.160 --> 00:42:52.420,[zh] oh by the way
1096,00:42:52.420 --> 00:42:53.860,[zh] I already translated
1097,00:42:53.860 --> 00:42:55.460,[zh] part of Markarios
1098,00:42:55.460 --> 00:42:57.200,[zh] these 15 harmonies
1099,00:42:57.200 --> 00:42:58.200,[zh] I think
1100,00:42:58.200 --> 00:42:58.740,[zh] yeah
1101,00:42:58.740 --> 00:42:59.660,[zh] part of them
1102,00:42:59.660 --> 00:43:00.620,[zh] hopefully
1103,00:43:00.620 --> 00:43:01.500,[zh] in this year
1104,00:43:01.500 --> 00:43:03.500,[zh] I can share part of the translation
1105,00:43:03.500 --> 00:43:04.500,[zh] you know
1106,00:43:04.500 --> 00:43:05.160,[zh] plan for
1107,00:43:05.160 --> 00:43:06.760,[zh] to know
1108,00:43:06.760 --> 00:43:07.420,[zh] I think
1109,00:43:07.420 --> 00:43:09.160,[zh] yeah he's a very good
1110,00:43:09.160 --> 00:43:10.620,[zh] spiritual teacher
1111,00:43:10.620 --> 00:43:11.920,[zh] for modern time
1112,00:43:11.920 --> 00:43:12.460,[zh] too
1113,00:43:12.460 --> 00:43:12.740,[zh] yeah
1114,00:43:12.740 --> 00:43:13.000,[zh] yeah
1115,00:43:13.000 --> 00:43:13.420,[zh] okay
1116,00:43:13.420 --> 00:43:13.960,[zh] okay
1117,00:43:13.960 --> 00:43:15.700,[zh] I think it's a good idea
1118,00:43:15.700 --> 00:43:16.520,[zh] as a tool
1119,00:43:16.520 --> 00:43:17.320,[zh] to get
1120,00:43:17.320 --> 00:43:19.420,[zh] to grab the general meanings
1121,00:43:19.420 --> 00:43:19.740,[zh] yeah
1122,00:43:19.740 --> 00:43:20.240,[zh] okay
1123,00:43:20.240 --> 00:43:20.740,[zh] 好了
1124,00:43:20.740 --> 00:43:21.740,[zh] 那我们今天的
1125,00:43:21.740 --> 00:43:22.500,[zh] oh
1126,00:43:22.500 --> 00:43:23.080,[zh] you找不到
1127,00:43:23.080 --> 00:43:23.580,[zh] okay
1128,00:43:23.580 --> 00:43:24.080,[zh] ah
1129,00:43:24.080 --> 00:43:25.580,[zh] 我会发到存里面
1130,00:43:25.580 --> 00:43:27.780,[zh] 在我们的存里面有
1131,00:43:27.780 --> 00:43:29.980,[zh] 然后你们找到就行了
1132,00:43:29.980 --> 00:43:30.280,[zh] okay
1133,00:43:30.280 --> 00:43:31.600,[zh] thank you very much
1134,00:43:31.600 --> 00:43:32.080,[zh] Dr.Pino
1135,00:43:32.080 --> 00:43:33.500,[zh] I think it's a wonderful lecture
1136,00:43:33.500 --> 00:43:33.900,[zh] about
1137,00:43:33.900 --> 00:43:34.580,[zh] about
1138,00:43:34.580 --> 00:43:35.480,[zh] the
1139,00:43:35.480 --> 00:43:35.940,[zh] church
1140,00:43:35.940 --> 00:43:36.200,[zh] and
1141,00:43:36.200 --> 00:43:37.480,[zh] the
1142,00:43:37.480 --> 00:43:37.840,[zh] bible
1143,00:43:37.840 --> 00:43:38.040,[zh] and
1144,00:43:38.040 --> 00:43:38.400,[zh] the
1145,00:43:38.400 --> 00:43:38.640,[zh] church
1146,00:43:38.640 --> 00:43:39.040,[zh] forses
1147,00:43:39.040 --> 00:43:39.680,[zh] and
1148,00:43:39.680 --> 00:43:40.640,[zh] hopefully
1149,00:43:40.640 --> 00:43:41.400,[zh] we have
1150,00:43:41.400 --> 00:43:42.240,[zh] fother
1151,00:43:42.240 --> 00:43:43.240,[zh] coberations
1152,00:43:43.240 --> 00:43:44.040,[zh] and
1153,00:43:44.040 --> 00:43:45.840,[zh] I don't
1154,00:43:45.840 --> 00:43:46.540,[zh] know
1155,00:43:46.540 --> 00:43:47.080,[zh] oh
1156,00:43:47.080 --> 00:43:47.500,[zh] yeah
1157,00:43:47.500 --> 00:43:48.580,[zh] yeah
1158,00:43:48.580 --> 00:43:50.780,[zh] lut
1159,00:43:50.780 --> 00:43:52.440,[zh] печ
1160,00:43:52.440 --> 00:43:52.620,[zh] Jeez
1161,00:43:52.620 --> 00:43:54.320,[zh] t
1162,00:43:54.320 --> 00:44:08.540,[zh] oh
1163,00:44:08.540 --> 00:44:09.840,[zh] you
1164,00:44:09.840 --> 00:44:10.280,[zh] do
1165,00:44:10.280 --> 00:44:11.040,[zh] 1940
1166,00:44:11.040 --> 00:44:12.100,[zh] st
1167,00:44:12.100 --> 00:44:12.900,[zh] 不
1168,00:44:12.900 --> 00:44:14.460,[zh] security
1169,00:44:14.460 --> 00:44:14.980,[zh] who
1170,00:44:14.980 --> 00:44:17.820,[zh] 去更理解
1171,00:44:17.820 --> 00:44:21.780,[zh] PAPA's patristic institution
1172,00:44:21.780 --> 00:44:26.780,[zh] which Director Dr. Pino will be here.
1173,00:44:26.780 --> 00:44:30.020,"[zh] So information, you can ask me"
1174,00:44:30.020 --> 00:44:33.220,[zh] and can ask Dr. Pino for further information.
1175,00:44:33.220 --> 00:44:34.140,[zh] Okay?
1176,00:44:34.140 --> 00:44:35.820,[zh] 所以大家可以通过这个网站
1177,00:44:35.820 --> 00:44:37.500,"[zh] 去了解他们的油管平台,"
1178,00:44:37.500 --> 00:44:38.500,"[zh] 他们开的课程,"
1179,00:44:38.500 --> 00:44:39.980,"[zh] 他们的讲座,信息,"
1180,00:44:39.980 --> 00:44:41.820,"[zh] 通过听到,"
1181,00:44:41.820 --> 00:44:43.580,"[zh] 对,就是这些,"
1182,00:44:43.580 --> 00:44:46.580,"[zh] 好了,好,今天我们就大概到这里,"
1183,00:44:46.580 --> 00:44:47.340,[zh] 谢谢大家。
1184,00:44:47.340 --> 00:44:49.340,"[zh] Okay, thank you again, Dr. Pino,"
1185,00:44:49.340 --> 00:44:52.180,[zh] and it's wonderful to have you here.
1186,00:44:52.180 --> 00:44:53.980,[zh] Thank you so much.
1187,00:44:53.980 --> 00:44:54.740,[zh] I'm in China.
1188,00:44:54.740 --> 00:44:56.220,"[zh] Yeah, yeah."
